order_id,y_hat
002dbea77302f2d301a6bb2b01b94876,48.153957
0063a42f7c2e03b6471f352e9f0043f1,120.69338
00888238b55dd6feec6c7acb50e3570b,106.421616
00b2105a5bdcf5a556dffeada72353cb,78.24499
011e4d649c1ef9adc6f8c27cf0f7cf97,86.15312
013969436eb1341621565ad15be130b1,64.90589
016501624efc7995026fd3d5f78dc38b,111.84716
0183c4ad829907fad1b152aa7ea66334,49.29006
01b1c652ad8df4d7f81d5f18bc096929,70.64794
01bb91e103b3ae2c92a2271b5484c329,60.782787
01e1cb289fdbc9c538c06a15c4de0431,114.972336
01f14c8ccad5abaadf6b7034bd92eb09,76.16698
0207ddc613e1ca95c256f8d7cde143c9,64.11031
026e587520b060faf748b7bff8c39e8c,74.883354
0279615a2690d1676fe4ab2478d8c8c7,131.47662
02ac03b5c8113d69b62568606cfef85f,53.23259
02ae22ccc5a3329dfa3fc0e032fc244a,62.049927
02ec9e9f6ba1d9a974085abb65447db0,127.844635
034d6877d9b2f16912dd2d6fe435d7c2,69.4078
036be9a7bbdb744692cbddb7ac3e7d27,82.648575
03721e394d734fc03bb3a7e4a325559d,68.618805
037a754c616b706da282d29e49ea37e8,91.89829
038ebf3f7fb4fe8c88769468d6cf4778,49.735992
038f9cd87fb71559437d2bb28e054aa8,80.30872
03ba7a78b5b5a5e8d1ab70e0c547f036,72.23176
03e0f2c31305be089c09e264c07a9947,71.12689
0406bee3014bb7d881110579630db14f,83.20812
042cc9aa11d6b60d2f8436d59999667a,57.178425
04439602c73ccd1c610f9d7610876fca,110.6927
04564615f678568594ec78476065a758,49.42002
04701baa48d41c807a062bd32b74e053,78.03634
047f182e8b05c956062dc29dd4886408,65.55648
04843170b0f35fb1ecda1c5a9a4cc49f,78.03089
0496a6cf8650ec27198463c97d0e58bc,77.980194
04b4064619a8763d430e9935ebb1b8a2,54.06247
04bfa6cc22fd72be03f3e7b71ae235e0,76.94613
0531310ae12f8d51f368e4c10ec74a40,74.723526
0536904a4b903acd090a99de02be1e6d,91.1286
054379a3733530ae444e964467884d07,159.359
054afb2b70f3a8615e82c1a19046da14,58.50981
056b889f979e80a8073dee57e8ad84c0,96.85518
0581ea119d21f0d9f533437640ecda32,108.42906
05889e98db76081e60a258c9d10a14c2,58.58532
05a073b385250664cc1be7bf3481f2a6,71.85685
05a54ce1532af9bc9b0dd01a11a86774,82.955894
05d0644968f3ecf4271000ef66bec79b,67.184746
062cd63ecf6d437a4e31abc50d9ee19a,81.12526
063cd5737fbc1f89fea4e7a179809029,100.480606
068d9a11dab2ffeac029fdc36451dd68,133.33717
069a27d99b90c31e7cefa1e5e6661b46,79.16944
06a1ba38b458209d865c81925d07bb3a,65.644714
06b72ea1d09d35cf9a6b6288d2c2b0b1,59.215557
06c10a3fd80d8343310951b9c8f65bd0,75.577835
06ecf2c686b9dc37314f65249cacd3b0,164.85257
07048cac9367c828732a5cc5c90627c7,66.83039
07060ed029be738a3fe20923bec65d78,102.765755
07168455957c2228f13018ead0d91593,82.99618
0719dc4292dd658c986091849fb37db0,99.142914
07314839d9abc923a3e22b1f5cc36a8c,88.0709
074be35325ce0b68ba68246056bb3f87,82.815155
07552c3d728c6cb53291ecf0b7f02e11,46.950623
075d2d4c4473d36a3f333d2d7be09cf9,82.068375
07624f0e6a2103858a2029ad12239ab5,80.9568
076ffff888d2480522fffcc0bad14ccc,50.540077
07a55ffbf23bbd00ec96534e5fc2cad5,83.354225
07c13c6c7ab60a2bf027cc23aa87e047,54.500877
07c62a5e700dfdf097debc114c293f40,74.6761
07d7dae45286fb71d7c09918b8e9c8cd,95.157524
07f1ee7649eee709037f2fed7df54459,97.63294
0823c42f4a2f9c6ac1df870cc93c6625,54.051723
087a8917f10c25a42e89399302c1bc4b,46.345936
08bf8df1be73e71e63352b929d6e4257,85.2599
08e7fd4ac8c1dcf5aa53fc4af3df0f81,71.59962
08e963cf8c0c7b727f42cc5ccedf2f28,59.84664
092c3440f5ec9c701ac58c922cfb53d5,46.399918
09532b000c7867e38f02169eb9c6584b,78.88447
0956e6386eccf1619de913e44154ff70,72.98022
0957a502f5480ad8fbd6be2de4106c6e,78.07812
095fae391d165ff43aaf1df17c630358,63.38541
096aacc55e2a0ea40909528dab369b63,103.5152
096e86be65dd299dcc5791a57aaf4acc,79.10096
0976e034ddea8f553ea6b5959d81fea8,41.62525
0985de9f2faf5242c7723be9b16010b2,143.55095
099e7ac0ad28662ccae5d5d6dc6909ac,59.508568
09a875bb2084da043542d05723a427ca,88.24308
09d109e7d370821cfa07112f80a64f68,127.8185
09e7e2f2eaab5eeedb21518eb0e92cfa,63.530834
09f7833690058e7063beddc9b0d54c00,93.79849
09fbcfb8cd66fb24819db0e29d63fb9a,71.632324
0a014f3ffa456b55eecbbcd23dd0e059,101.33674
0a1851db4e4bf4c3083873ba7d3518ae,65.11565
0a9f258dca09a92d50b57a6254552bb6,114.21848
0b82d66d7baa5e708fad9a937e8a8654,141.59921
0b8fb527a00568db2036adaad2d8dbf1,59.63836
0ba5b71c8abb65aa504d883ad7da012d,164.20663
0be282ad0e34d3415fed48244a45abd4,89.40671
0be92484991a5258f07fb5e38e2233f8,66.93286
0bece5648c9d3c38295ac66833f6c414,56.795662
0bf2b8da783570615c464c78fcf0ca3f,107.15273
0bfcbb446ace08e1d9c5875db667f36c,57.31003
0c00b3d812b04cba7b9eb9b1d6c931eb,98.90892
0c2d71097624abc6ae88d52d8d0f7db0,62.75573
0c72817132c5a7e2c9a267fd35aa8eab,96.54235
0cbb33c0b8bc5ef25779128ff0d9b8a1,68.85115
0cd3abbaf349907a3514cb98bc1cc80a,76.623695
0d4faec358b78a77256aa8f3c46c5cf4,59.115116
0d85030192b5a182497fb920cde52fd5,92.58629
0e0780f92962a2d5147103e3df694753,112.54273
0e40710440652eca86bbb48ecf2f928b,69.72642
0e44c162779665341b35f5457d1811d0,91.27396
0e765c50f496c636d04318bc8d62e09b,63.767128
0e7818789c7bf9f768a8f0ae8469d79b,116.56731
0e9c17e35c22c27e51dd0ebc8dfce6f8,66.763596
0ec46f381a24232752bfed6ee47b76a5,87.657776
0ecc872565cafdd81843c4c19749d21d,69.29117
0ed2eb7a8bbb4a00c8efd32fa9c9c54c,72.34846
0ed43052088724cd58845c64cbe2e702,141.50839
0eed4822a08aaacb61d1e18de3572be4,71.27405
0ef4cc7e2ad006ffef0d147a53cb1ac7,92.68946
0ef6f3ba58ca0a0bf09b6260bc2be76a,56.62584
0f3ba172dc1bba98411712bdfc70a2b8,82.45563
0f6be4641807317cd2b5772bcfcac014,95.53794
0f7ff92be7497251973379d25d17faf9,50.79327
0fbf88d18a085912857e0f9270b2471e,84.488884
0fc83150dd6b34adb6d52f1441ea7e48,70.33957
0fcec69a23d1f3af9ec3145b0565d0fe,116.74114
0fe7755ccc3c686edf3a83add8750254,69.15224
100687714ba3e6443257f1beea34ae97,81.39026
10331d5f0fce606ee0fdf49fc56f4e8a,119.33103
10347a945e3e27d626a44e14227af617,107.50869
103ce2347f22aafb13f255c278cade97,65.67226
10407934c59d3db97345f2a75c2b9d72,43.317642
1048da1c7ef1df5f3be3d3e63f11a7b1,87.05602
1056a46f62ac15e7a7fab788366b63b6,68.84228
105844ebc83d16637743b4b36e4c8a5c,55.669685
10ccf58a4c4e82e286b247c6d719c025,125.695175
10e8acfe84da72bca1f2901bcb77e0a0,87.655754
110b513b5eaa66517241c3495abcbf91,94.181244
110b9096499c62f8d3d1054045ba59f2,83.42554
110bb46fb9841250e8df82e48500a738,73.84095
1154fcf6abbf5711551742b42e96dfea,57.46817
118cb0a61fe18923ded8eb5b298868ef,81.090546
11bb636d06596bb8fb7bcfcf852c6cc5,83.770065
1200b75473c1a3896947dc2297bd5674,79.06076
1214c3b09fa50032084d789d7b78e826,89.79741
123bb583303cacd65ae42cd85bdf7694,83.24422
124839601d0a14ed2d036d09e34af7a8,74.18013
124daa6d824393f507a39c09007cecec,104.71548
125aa68a8f01b6b934b96674abd53148,61.612457
125e5b858da864f5f42d642ddd28dc3e,92.278984
12657e44957d0b490f3808eee64adf80,114.96448
12769ff28a51f6877406b64cd6ab299d,70.84083
1287b43050464fd47644e92b65cc8698,106.85557
129aa8c70d1e55d3f52277ba855f204e,84.939926
12a4c9136f87c34f7b041d139176b62c,67.116844
12bd15339b4ccfa3e72e5484a71cac06,92.56717
1355262f8a150d486699a102145dd042,138.52269
138640e3634136c251f8a20e1aa18bb7,85.79819
13894c75d506ea36296faa88574ba15b,87.02496
141561c68fba692893a393e9f7ec25a6,122.7136
14338a2ee3bc9bdbb0dc07d1361ad44f,120.40524
14e47402d45d4d46a13301f4a6547782,75.420166
150bd9290b2125e67541098173e2cfb1,95.276924
150f4d1c159775aeff4fe5362c56abf5,92.132965
1569f0ced8af0a3ca3ffdbdb76194dfe,85.35866
15a3bcb398527e93ca0e897499c87356,85.6872
15a4a73f7dc729a143d76a5c29a2fc5d,58.359303
15a4b54c173a1eeb7cfe93e7907fab00,61.74953
15b20cc23f8f030c18f940cb1c870ff7,88.62912
15bc6518db3a18c97abf81712a4baf66,98.16572
15c68b7847d31abd7eec6248766912f5,101.98038
15cc79dbfa26200d69436bb210e06eee,79.11343
16224a9da80f6aa8753a4adedf80814d,73.2266
1623179d5648f8d85666cd7921f51c39,100.637886
162644b504c22bb17c79811500523811,73.31832
162fa3d17c686f2fe0c2c825138be729,103.343
16568ac89ebd80c568f622b11cc35588,80.10972
1666d65acfbb64e11dbd2f6dcb102504,43.272408
16721cdb66518a6d696b8f08b782a39e,75.51449
16b89da5d30a63a760688f686f33c5db,62.825924
16c3e255c1672442d7fb85e2838e04ee,62.291206
171add4182658ef21b179072748d27d5,119.20703
17251dff3fef3afb7286845b62738a5d,75.19752
175b3dc5de7dfae7b4d8191c5daeba79,89.37223
176ba7a7c813ea0907d97b541f8044bb,79.448105
176e23cbd72ee850240e36dbda1b2cca,101.80324
1784e724006dadd676902cee7b823126,165.67297
17b7f1a226f7c2ec489c515f22188437,96.741035
17e72d3004742f2eb84083b42de688bd,62.570286
1805a759be64042bb1e1c34a326b7a39,74.01596
183473f02a3f3b5f6026bc972578383d,73.302826
1852b21f3aa272ecd29a68191fdae215,90.017586
185bec812f263019687cfb380e418f0a,65.76603
1871df0c7918b6076763e1d975708d97,68.10977
1889a3e5929525eddf3397b24555a1fc,61.68554
18be01bafa42b5190732638ca2bb8b59,69.10266
1903a87d57feab3b8938a08df38ac30a,61.307602
1907128de4e91ec124baef6ba1cccd77,94.38773
190e66ef02f1c143284948c80948de87,106.299614
19939d2a8a256b979e2f55b6fd1eab1e,73.14101
19a00ceace5900c0183f950a141647ff,105.76113
19c76ebc31d1b9e8bfcd5805d72d1eb7,54.747116
19f2153db7ab4924a01b0409c3e6cbc5,116.03929
1a19221d2ea4041b9f29d22b4946f264,120.14789
1a2377c3768dea0c3db31bed9bee8224,100.803185
1a8e75433fd4f5348c9e840eb24e5f88,71.6522
1b06f1d88c6240b32913b7c7b06c7fdb,55.571033
1b1d40de22d5a470c7f99fb5d222c73e,79.73053
1b210589393b45b88f6c2b4f6bde47f9,107.81399
1b2bd68f9dbb2cb2aa55eb2b7f5f189b,58.783134
1b38c31ba46d99038d0548c791ac9362,68.38385
1b44fa7aa056b6713d41af3068bc0fe1,86.694954
1ba31dc2069ddfa1c14c9fe2449fd30a,66.39682
1bac6311bf7b5dfeec658df9a87f8f67,49.188618
1bac97c96a48901734dd39be97afe095,103.80877
1bb80a89596849eb7fbdac1878d757c8,72.17295
1bdc3b353ec1012d281486f13b8c2b3a,93.88956
1beadf4180c7d89d771627cf56c2cd81,60.034603
1bfc0429832b9dab41d2a63eb8d9a076,69.639626
1c060cf8b13cd41f2541b2d2bcb3a215,83.209015
1c265033e2f09e21ee6f3cdca71a8714,61.18771
1c45ed543837fd788c1918e6056d3d91,72.785675
1c507984cb17ae0c53d869b877c206c7,103.34156
1c668995cf6ae94d9bc36a762017a031,79.62461
1c8efd164200bd03c034fe8870887b2c,69.415695
1cb0cf105d6744ab92b2cd9b7d29c41b,79.93253
1cb6cb9da551c547cc23e5386765b671,105.94687
1cc84a4a908a94a5e3666cfde9e11559,87.33694
1cffc915f830df88a84f2427f38fcbc7,62.140564
1d038c70ca0022bb48d996cb02b1c359,83.80927
1d06d5c786268984b1f90b2db7c1830f,120.218765
1d5038dc81c36ec87bfc5050cdd2bf6b,82.32136
1d516b4ebeb7e046523fea8b1afa5800,71.73929
1d7db75cb4e5fcd345619c5146551867,60.028427
1d8750b9691dc3ece5d3fc045903d093,88.63812
1dfa2059e0145e254f008c39dd667661,45.9288
1e2953d7cb438a63680e370c2eacda08,122.425446
1e4dee201f3523f01e679c37ac6857df,81.8984
1e63c87ff019f3bca1101bd0f73cd283,102.45531
1e6ceda1d1aef3cd31c906821a101d2c,60.93858
1e9018cbdc1519a659ddc4a2dabb2266,51.990234
1ead564ce29d08ffbab77c74ffc6cb86,80.36436
1ec67b32c72731d5fa25aab0daac4040,137.19942
1ee25a049835a6154077371bfbcf56aa,73.515175
1efd96279d8b7d3dad34a88611aaf232,116.92344
1f4ed0c950cd85a6837d7cf2fe5154c2,74.46562
1f90b66f885f47f7f64ab631180cbdb0,77.26305
1fc71b49e1d0619702b2a4b901bd9950,56.667625
205a8f37fdfda7faa71a37ad599f77eb,109.03466
206544e640e92a2f3ae6a8771ae60a63,77.144135
2072753cd7c03843f04ea4e5ae58e860,70.4214
20a34ed321c8de20f4ca302dcc0830d0,54.420387
2104d3b785dce88c5a7175d9c1528bb3,70.9993
210d8fca3599a6e1e3123a40fe58eb6d,54.51728
213d704f4882e02d5e342e595772a235,126.196785
21515e4f65fa3837e91176adb31fd756,76.728874
2166c53ae8e42d58ad868e6177b275ca,82.52229
219eb5cc473c0f24e3b0a9d1be299c96,60.265945
21c3ca0cd8e7f0e2c3f913fa02cb37a6,85.4416
21c49476378979b697dea7254a2c2c4b,131.00928
221e534cc5ab1899829f909d6eeec383,111.5624
224764d4789f8f0951dc14d0aeb98f45,87.91392
2282af3cce68c677c449e5164e6312cb,56.091938
229d47205afee08ea5ecde7304d60afc,85.30438
22dd0bf4975f5d9584e0f08a348d6f1f,58.006073
231ba1662a88f285d902f52720367bf9,50.764294
236629de8558585175506472c8e35762,55.6232
237051b3dffb8f7e00080162a5d1b311,92.33765
2381df57bd0a15f19e270be72590f459,75.97524
238272ccccc1b3b732c941fd376f26b3,91.901215
23977669e14be420be04ee6fc3c51168,101.96664
23a44d6cce2ab9b4be0fb8dbc5733c10,73.177
23d0f47a020d12a6d541add5c4f5d2d8,122.69136
23dad6821452dad72adc264d35a92011,101.97073
2406437d67f6ca163dee5b82bbc19d2e,57.838657
243a536eb48c2e11c4523dff82f18aa0,55.94202
244c608f2a3c4393d3c96f9e4ecbd962,68.31493
248a91aa05b36000f9cd86023fbf0917,80.27865
2493e9d621176095f44d4650c0d177f8,56.07962
24961ea1fb3e08cbacc2d306014bf879,71.27213
249c4bac52d75e2e4b6ba702665eb48e,50.92331
24ab785c15075c2e34b42d4fc84c4325,87.66399
24d3c77a3a16a2d9fd455e0c64b0726a,78.92929
24e3cb985c91d9e0275b8170be0832c3,66.3142
24ee2be6e9a8a8c9b641348e90f0a4c4,87.28843
24fc010bc767d49e4c54e25b70504358,90.04985
250a9834a5d8d2343853e6e06d6364f4,96.71404
250af09a77fd4360cd35d20ea6ffe40d,62.459103
250b6223a84ff3c5d991af37c9557406,99.858376
2520b7588c0a7aea0b8c07e500f1adac,92.49275
252724d149134d71b77b605ec23a26ff,149.3626
2560b93afbb35fc3cb1d1e4f28ea4364,63.445824
25d79e6b7368ff6ed47874a124f875ae,97.04201
25e66af89fbc3186a9d3299dee0df1fd,68.429886
25f01322b246f6e764dca863dd2408bc,78.6202
260ad2d9683ae9724d7b8e1f3064e894,78.78698
261ff12c50e69e7ceb3d618cb56af59b,128.42563
262ed8e0141b72e86a544d015b107659,107.598045
2636c8be3c0c06443e51781bef24ded4,59.874435
26388fd78f36c4af28f47db139d81bab,91.91012
2644cfc94b1112b13d6900d01d0de1eb,130.72285
266481fea894ea4d2216c1bc6e736520,66.92214
2685a341036ad50918a907a0bd687796,98.45323
269c5987736052004c51bbaf4bdf045c,87.38406
26aaa7c94abda8013064e322025f1b9b,65.54188
275dbf4b7c6d7cd38342707296c84201,118.58101
2765bd0a47f54f4abf5312ac598f707f,119.045425
2773dff03f9f609538790fd43ce0809d,67.60112
27849f0827d8281db327042a3b16bbb3,97.37449
27daa13ff6fe04848475d57e253ec784,99.87825
286bf1c60a0b8fb52a8727159fd960cf,64.90798
288dd3cb1cec0f1f5b4c3d336df1f3d4,84.15012
28bbb5a282b8cd339c0fcb9b94013db5,56.572098
291643363e181ae2de8c28754ea83201,64.260994
293d363689c08f3c3018e87609fbd308,71.298256
29669b6b9f9a965a9ba71e117ffa759a,61.968536
2982ee55859a0def2678beda550e8dc4,63.579662
29854d59e82966e84d9efbe3f6719fe0,67.22341
298934540d0cdf2ea45e107f599c78f5,68.80983
2991107c91982e0ef04479de0930d55b,47.526634
2991114ee17844c3feb7fe91204d739c,89.97637
299d948a5fd2cf2a921894b9bd24b94e,105.50365
299f90d14e57407585845f7f3b9475e3,104.14563
29bf918d93636f18ad0c2112f95386be,68.91805
29dc02af3960720612f8be16603a9652,54.830734
2a505e5150ca97f48cd4db3a61e4fe99,64.72728
2a85880819567015d0e3990f0b814ab6,71.71077
2a8f8f79f02f3bc7f05842165acc4920,68.464455
2a9c76277e48ab854b0f49221bb0813d,52.272724
2aaafd97cd456421388642956a381c46,106.00726
2ab7aa2930c54a4decff86fadb56bcd0,142.46727
2af48e61ab6ce894ad93d8bad74c380e,79.20476
2b287cdf2a380739dd2c580e6940eecd,91.81365
2b2a541e8cbd9490132f81219ad1bdef,56.77754
2b87b2c0c117b28042775798ccb87cff,81.92069
2b8de0cae2d449f069eceb5f7459028a,95.04518
2c1d70923a7aa4c5ed3350640d80cabc,85.718636
2c956cd1466efc5626601925076fa4de,66.50618
2c9d517002c24768e6b6ade1a536186e,60.275017
2cdd723993ef42bd9052be54ee53656d,93.18738
2cfbd9fbf527a0c099c0d9f8b26ff1fb,93.20972
2d4c02fcd26357a7b6e31cea015b22a1,64.92254
2d6ca3a058b3f2090924241c3bd70848,77.15005
2d745d1a4460d7b526b1716376e60090,81.75214
2db35cb95357a956e27851baedb34bd0,127.84051
2dea528a3cc8c1ca3512d009a08444a8,64.09065
2df8c47dc70d7121f5f6913cc4f07771,113.524796
2e0d7b896b8ae8acf9b6f49f9e20631b,59.565712
2e2a7aa53fa75dcc157c92032cee1681,108.19766
2e30db1adf540dcd46637ac7265bce92,66.79414
2e34e2746cae9229ca70acf1c60ca269,88.21362
2e84f55cbf79508b6910753179c5d7a5,90.33544
2e85d90d16e98ae64819f1b0dfc690ef,47.458862
2ed4b645df9ab97ccf13c38264f31519,45.298668
2f92d27998a53386c92c7f856241274a,91.28311
2fb490a1ff96c620d28ffcf188a97e36,51.80751
2ff1763e406b2355b0ee856757018747,92.95997
2ffaea7ce4a6dfb693d0dc146d492172,99.01394
301d5a1956b4c6799f07416e419e1c9f,62.325806
304954a7c4bf950663d7c8f884b19ec5,125.84291
30750fa099298ebf5a00e20ade7e3240,68.94113
30a6e59610cd7ef8bd09a0d1984a5141,56.342403
30b4ce6daee913521fc6a34e19d8ab20,69.085526
30c0de87eae88a94cc9db9bd69c67bc1,91.16462
30c96aecad62c0a78cad16d615ca8cdb,79.57441
30dcd6b7b0206a83d0388dffe1bf2f94,77.76905
30e253444569445807edd05063e38f11,57.302814
314a627d0126ee91d263fcd0096dbaa7,60.570763
316d117171a2b7568c2cba3da622fd09,79.438995
3176345959e89555fd9b317e2f5f62e1,59.080673
3185e152021ce69723d4d8f758c19e12,83.36067
319f51f284482ca0c3d10251aded9b40,61.834255
31bc1f819f140e4b9718959059942552,87.181526
31c5f795448ca4e23fd689cd0f7d1fae,54.2867
31d61a57c6ceb898474f9e8a9784c579,102.908134
31e5be75855997b43a902881664415c9,110.22336
31ee000b3bb22a6eade3aa61592ecfc3,75.28307
31ef8d2cfdb31a2a81156445c0bb8faf,58.918015
3205f6e4df57f95ecf0c5ff9b25e0999,58.61989
32862a4c2bbc31d3665122ad951e8562,101.78508
328ebfb2fea3a55e52cf3a379c2892df,59.435265
32a7811457f1ba4390ea83099d5acc93,63.431084
32c006507b32b55502d8539f15bd1b40,73.939095
3300710a24b563be1e5c2b5686835177,71.04278
3309253da9f13c9a0618352125873c90,70.07414
3328286960f846a0c04d37b39043faa4,55.34392
334a087f5a02cacd69f98b955b1f0809,86.61465
334dd6d37fad062fa3fa577cda3eb127,72.06285
334e02e010e1afc6a2a0778b5b00497c,55.839977
33669f9aa8e9e4ded2e5ebe65568d436,68.65614
338996aa5ed976b0d1d7e8c2038c5e35,97.80383
338abcc743c8cb571725551675b3bd85,78.957184
33c716e61b5e251fc95ff9b0eff606db,99.61977
33f3e8029f89cdb5bafef019281cf4ac,92.74913
3463974af2e4eae661884bf57ce00a27,86.58763
34673d15a72b3ab9540c0598deac0716,72.37668
34803c0bcb366fa99532428cbc581381,59.89999
34808c0a0ce290d13e30900babb30cc0,80.54566
3484bd0097c1d29a24e5498e3fec2bd9,76.94811
348bbe2d213941378dd757d99c94dedb,99.605095
34a8fe90a63a74d3a8b231ba8bbe015d,90.233574
34cf70e7dc2fcbead066e3e5426235d1,79.495964
34dba717d8b39ca994b584a52b4e5280,81.2731
34fd4567b0e6357449f0e55f3564dd4d,70.222725
351ebe02fb189cd6f38f93f5f23b1837,52.847767
3538e2775b9df2bb69c448c10bee6b16,73.029335
356e5a660e84bdb246df34a4aa82e475,89.64017
3580d4b4e832b528e0cc4a84e6eadb65,78.60583
35ccc644297635efeff9bfa2a163d283,88.90341
35f8302686d5f6e861a11999fd695688,94.53963
36206cff7bfe920f156419151c18f766,103.97897
362c4736c6190e63513ec8f350a8d915,75.13386
3682ba3ab361f45b898b7f34333a4b76,69.839355
369ce2f816d6ec934aa0b0de34a7d20f,86.79887
37193ab242f6e2dabb22f6bd08fd22e5,90.96001
371a8c0525ae79d06b5b3b2635690386,108.49159
373d00a1da1f146bcdf96f727ce532b1,83.164185
37568aeed34780675430420942bfd442,96.17917
375b020fe4df0d86eb64bf2348903373,78.58847
3763bd896e7124bd10d5758486d1d1e9,71.368195
3770947519b3c5822986604caacc98b8,54.9862
378bf8d3277e7a019624d7df4ac0e1d7,94.74282
37c694d5b48a4797f9876539c94da2d1,89.93484
37df7f56237055f5019e3980818a75f5,64.28115
381ec732e3309aa7c9e5b1a57bcc4e53,49.44786
3858595ab2b3ecc3d4e3305bb4a92c95,89.26665
386edb369ba6723705375f85ec68b0a1,120.19679
3892a406828aab728e905624817cb2ca,68.98387
38bcac073e857796c3e795c5874ea365,44.856743
38c3d256416573225b90ea09697a7337,54.546185
38c9f07d0e66086f34a447939ee09be2,99.34897
390b02b87a900e7a991565e148512225,102.186844
391fad54babb8e2e84202e066c88baf5,56.34928
39502f2952c3fa36eccf5d20afe93d05,85.38708
39629afee1762c961d7818ed6a3a9a59,54.12158
398ffb4191de821d33d7a7a25ecab349,77.6297
39c884ef4d83c86738c4cb611af2ce54,91.08505
39dfcd48c65657a89cc5075b63d47509,71.30189
3a02527757e5f65eaeccd7e665b103b8,55.395874
3a1363725830e97a23a045fac3f859b1,66.25469
3a226ea48debc0a7ae9950d5540f2f34,67.179565
3a2d1a9b2d7e9471018b181f0b258e0f,82.15004
3a72dbddcffbe014fda9f3d5a39969d2,44.139694
3aa1f645a38ed326c45e13af4149248b,50.14392
3aa5f61cd047dd88d320197e4cdbbdbd,86.031136
3ab205354c27f7c8dc59df0f4915bd82,90.55659
3ac7b9eaa97136a30fc2c4ef832cf348,140.33939
3aea8b462611ef7aaa3b0b1e5ba31dec,125.56294
3af11e19fdf2bee4fff3157b58b7948c,56.29812
3afa8c8e7e8b672cd5a257c9ab56a694,91.93889
3b1fce8fa983ae9743ccbed0d7cfe3da,72.614235
3b275717b3d7d0623e53c1b4ec07e5ab,109.671074
3b30daba63c804d106c36871d5131a7f,75.51358
3b4db892eea04e0d1fe0e058cd9e4f35,57.180252
3b7adee39fa6ea4944dfa6d0af8b7215,57.550404
3ba92ec5f13385303dadbe0389bdd51e,72.74821
3bc4e5c34dc322036246d95173e8c32a,74.78853
3bc8dd6d1a38159178a2e0c7ea7eaf08,75.61554
3bdbca3bb137b8c877f5faa3787f7a90,107.03323
3c6e2fb359834182c626bd999220cb61,77.9458
3cafbc0b57c19a233381b4a9ef89e1f2,157.59236
3cbd7200a0bdc9930c16fc6c318fe80f,86.29278
3cc6163fde7e4c68323fa2300b8a6ba3,92.45563
3cd9c8f7cb0677474a2b2f6383369985,74.40963
3d378235288666cb33cec890c3032765,80.96051
3d541849368770b0c6778ea850d87b87,60.277683
3d67f4b6f4f4f60a8aeda81af98a4355,63.462585
3d8b6549717e8783c3a742ca8ed948be,66.54139
3d8cc5b44a07130eeacc02e139f5e1a6,47.343254
3da16b8e55ee8c21ff9b9c04953d9dfa,65.48459
3dc345c3e5a4a4e092966769e7ca2c3c,44.081615
3ddecfe3938061462d6c7673a91b32c9,93.60049
3ded95a7edbe64c7b6982c1421f003f3,147.02797
3e087e393c069b7c46233f5f7280d392,67.09531
3e09a9311c8751a35a69a30dd2d8cc42,152.02472
3e29783e9cfcc4684c11398956f601f6,102.23369
3e6fa06be273a73aae63c9c24a4e653e,73.30303
3ecb4573f136be90c6fe3a13e037d615,64.93206
3efb698369dd52d14a999d137a5dd63d,71.08661
3f333f8a52030759dcfed5aee15855da,142.31366
3f367846fddd251d3799ac5465b73cd3,67.913445
3f75df7effff43874e225ce8779f68a2,91.45376
3f889b87769867e6c7f1f17358531d32,80.76591
3ffb0849d0e5794bc82e193164b6ba9b,95.82764
40040ebaa85f660f093a3b13f83b4d91,56.683258
401885b2ff8c0e19a5e32cb1f28f8b45,57.952854
402748677bf4cc45b0eb588a67f94552,95.454636
404a869f1cbc13639aee418acfd8f5b5,103.58295
405197686d4d33a25aa638d554246005,85.08451
4055237c51d290d8ae6d402d55d0c3e1,109.47225
4066e142808df3382cad77b0d8bfb6fd,89.691696
4087915b831b29188e02d8a53c6d31b7,72.46925
40914a6ebd5831a07cd257e8b33ba627,68.11164
409275a4f6b35e20bfbab66f3037ca2e,99.923035
40941e8f7cdacb6170866d554ac85fbf,85.17165
40ae8e0dbe5ca2d635836dd129076d45,56.140545
40e26b2de625b6cc5803726a9fbd6db7,130.49095
40e96b8ae1a91171536eb39df45370ae,128.62428
40f4f20c045e381aea144c5d7212a12a,92.80656
410ec4df85ec74856d43e8905f94b043,101.7904
411ae76f30cd1335b8dc9accb811afa5,82.797844
4125823b77dde3ab53c84c66c6be0ae8,58.100647
41297e95f1745d6ef40dca2f88d8b88f,76.37907
4131941e84aabfd2fb45afea86dcaa7b,82.24493
413e0dd8bbe50a8d6be0790a93b4e76a,81.10433
413e38b14d38cdf54170fdcb70eb98d4,55.79005
418d90f16a99cfafd5d6cd43544d4469,80.69909
419729d97a76f2befeb97733a63571ab,57.574764
41b49df3212202684e621f6a7dc047b4,94.33005
41b5f64fe30bfaf313dc927bd8129060,45.493687
41b741d235b208f0c7eec3cedabe8334,51.65708
41ca0bc7ef899493b1161363d946019f,93.04542
41e30debcae2d5e18ab901a91afbe55a,108.9007
41e4f4e39c9068ecb1a4e49ca6e5a949,75.54735
41fda65b22773e16032742991345ba0c,93.04747
4214b0e2b7982443a612100a4af3631f,84.2793
423ce3a97d3aea11bc346b7361b4ca07,66.16494
4284994653bfbd6d1d161cd68313d843,134.47336
4285476c73ea499c59398168a49fcddd,82.87899
42a5104a5e2cfcdcca457a52ad026bdc,99.61546
42a5d1fda437454866bd18d21048283e,61.151585
42d541d2cc98f58ae2c8b3b8baf17b4e,59.191486
42ee7c36256c9a8d5bb7414e6c72ead6,41.67372
42fecdc5b13934fd6af5d3f96db3fa20,109.97978
432cd31b36cdbc446cf04bbceef63d3c,80.267456
437c3ac290215ba5bb038cf80bca88d2,116.65881
43992a34625d97cf8946d3da5eb905e6,87.12947
440871d3ae966c1486f36005e07944d2,51.265472
441c55497290914f2ae76d98824b2dde,117.592285
442c2f9eea191cc75fbbe32c2c80b8c3,87.876564
44412dab05f1590f48770b017353467f,54.620064
4446bfffaa5134425ed77261855dff0f,75.87056
445b042b3adec5de6982ac0cdd59c8bb,99.904686
4468bf7799979cfc866a0478febba6e1,90.13991
44966fc7d55ab081a43dc7cd1b69b792,82.21595
44c9c0aa5aa48710e5038ddb7c4e520b,61.816113
4505026659255a5f34d9aa080af45394,83.45311
451bfdb5981e5efad36106c9f247719e,97.99294
454b256e132e3d4177049f6da5b7ee0f,58.975266
4576f8be2a744a2ff869b15fdba4b2e9,62.309135
45de09b4b0687fb586477dc7318b8576,64.822655
462196b516b1f364d5e5e68db15728ff,106.28563
4635b91f7ef36855b002920a4b239e0c,61.09324
464aad4b7f0600ac8cd5c644e15ee6ab,80.943954
464b8c0c52078b820f4d128a1b31aae0,71.73379
46587907f209513aa5e6b5a2ad6b6925,111.957504
46746aa4000396a3dde560bb99b284cd,103.89653
467d48c2c6e42a5a47a494de2e121c6b,106.01756
46a2a67439999cfb21d1fbbd4b710b5c,59.572056
46cad1f8e7ae6aad951e58132052e683,68.82764
46d0480d44ab25014e95bb77e636ca35,100.08242
47099653730fb1b76537fc10ad876255,142.59535
471f47245001ed6dcaa21562791a85c9,123.15658
4750b11aff08e58a8b3213533d3917e7,86.6569
47785514dd567b8385a0732ec4d89a9c,72.5109
477cceb3b33fb8bd0dd760120d14ee5b,64.94322
477f2116b94c721a8377b6dd58ed8867,94.78355
4789898eadd45a33cd30f4551efbcc9e,83.047386
47ae88b636861ca0e5ad850cc366d123,115.90822
47b2c40494f097dc59370c7702bf5f37,49.200237
47e797139b27480bd4522d69253681de,86.11248
47fd31295ebf7e64cb602a6b137ff417,80.81402
480c48e01fcd14cf579672e858ff09d5,52.404186
4835828fb82263c6fe23a16bab8f08b9,75.367195
483aeb4b4264aa0143b400029e75a36f,66.54551
483d1b1693c360c3509a26fc3d331720,68.535545
4873c0e61bbec2cad6979ce9634141cd,77.29649
4890af337fa8b56b61faed8a92d039ff,130.29979
48ebac79fe38fed576f99d4cec4a4df1,81.3732
4956706aa182719e88accd833d2984ae,133.94449
4970f65ae66324d3a8ddcaa809b7fe57,43.87898
4971c2f22cd7d752b24f90f84548c242,69.37803
49845e33bd5460f98688897bc4c15901,57.57823
498bef2a2715e17a67b5fd84e2607908,53.52349
49b87176ed6309cb3512af59998744ac,82.54308
49bb5ad6cc98814509fe402e10934293,75.39889
49ccd31699cb3803a4f48b8662a062a8,176.23297
49d862ba3c7d04b3148d1ba1495add77,182.53024
49de7e6972e8b9cbf2bea6bd94cc5f02,107.27606
49dfa4f6a4d5d017c4eb274d5773b955,82.07322
49ed1b196c43a24b5232e04bc9057f7b,97.43965
49ff624f9e9e235c2bb30b3b12b78f3d,113.7464
4a000a4571294a77e7da1c92b4efa573,131.88634
4a4f9eec6c686215e5306fac8a78f0d6,73.55689
4a7b7b2627a07a81d8f86ebb2c646746,72.014145
4a9e9db78222ac7192175193c6a7f41e,141.51279
4aa4280dc865482675d78b2474e831e3,63.825565
4ae4a38f88effd6b068ecd86724414b7,107.91898
4af8379a77de91805cf6af7118560fbb,63.394608
4af90091a2f9ffe0a1956b3f610e6dc3,98.91382
4b06ea613376a4b89e44406d9bf5bce6,71.43465
4b31b5bbcee00e11484a7c48e0e46350,58.19856
4b31f75b50d8a8ac342c36f5f7acf3e1,82.38532
4b62c72371889b3cb52d6028fa048057,81.298546
4bb434387ffb6007189cc9f0ce0ec025,63.22451
4bd662dc3a9b385cec121104e53378b3,66.84181
4bf8df61ef4129f5778f1ad88246041e,73.280426
4c1ef4c641976ddf4062fde1887677ec,89.47194
4c30c1cc998453cf813f78aa7ce703f3,92.95663
4c8841951ad675c0f75b1c3e98451ecc,84.16775
4c9881d7b3765d00d5d2fc1afc2373bc,80.29815
4cc374abd12e8730a49df54dbf9479bb,116.847084
4ce18cd7222ba8bd914bf0d0d67ee6ab,72.89004
4d322b65c5ff3c0ab5a68661fe499c33,69.69532
4d45d0da4096a8d7c96b759f865570dc,78.89695
4d6c437e79f1bb599a90c9494e4aa124,63.478462
4d714ec9751cce571ad39071c9a80bd4,47.877224
4d7f28e2390f289f588ba04bf8439f9a,53.040264
4daeb7ee39379225826216f0b0a765c7,83.62276
4dc05e36aa8f25b292ff1baed9479e4f,80.28983
4dc774d89646515086e4e579a8954740,75.78609
4de803d10ec7661f4b1cfa8f830ea4cb,74.072876
4e00c9d8255de11624c0d96dc73d09dd,58.551376
4e0982ea0a02a2d75fa9bbbffdc9267b,101.640854
4e1c6a7e9f9c77bcf57c570b715777b7,88.585434
4e34559a51dba37cf14a8633104dabb3,148.44695
4e6012e6f01ff281686947a11a6219bd,116.47123
4e6fb353c66e7e0f36826ea8a63786cc,60.28525
4e751d74c8ba68a5bdf17d087789d663,100.58413
4e96f3124e3a4eb9e75f59a7b12af156,69.15991
4e9ec3caff1223257b75f78b9483364e,74.036514
4eb2d6b3d733370d3f13d6e9a6d69095,83.6713
4eed3cb317912da4ab0bb4eae4c42d8d,94.68723
4f06bdf731bd9a0a246731ef9cd7c3a6,52.970432
4f0c2267c02a9518149a820df1d13f8a,109.81443
4f1a0729d5ee1c807f92e6e1fad56e84,75.101875
4f1afc49b741558afe59f815dd6c474d,58.46449
4f25a7898fc92bec852d7f71833da8ec,77.58551
4f2c92ff71cbed03ae64ce302da0cdef,80.23881
4f36878f2b1bb37575ea9b7cd9cdf5ae,74.74033
4f521e0aab8c547bb11f1d211797817b,68.125175
4f597d604a821a65d44e8e57d2f907ae,83.46548
4f5d7e16404296d3d8cccff5f908fbd5,95.65066
4f5e16f46b95b81ed9b0b5ddb84babf1,61.888046
4f5f5b6dce1d600485c4b7826af4f930,133.99928
4f7e27ddf378ec8556ed0e44cca8be07,109.44766
4f88079d807ce788baa49083c551c148,57.255455
4f9daeedee3310ec84b07a835126570b,129.27739
4fa7701c1a495480895e57029f7969ff,81.3114
4fcbdd61194e6bfe7dd859415f43da58,67.55008
500465d9ebfbd8a81417cb16c1b7bc2c,110.9636
5035e67196cde36ced2b9f56dac23f58,99.9776
50397886a598831d49fb7eab5dd71557,167.46501
505fae56d6d5fe14ffd0dc4e4d70d161,72.057304
5068f7106548e0cae973d0e9fed9dcc5,57.15185
50a910f30c40ccd5ad17232305ac0e0b,60.79393
50abefc815cae66d7f5f966f1b189c20,68.62256
50b08b192984825b1db62dc9a1c82d32,74.04916
50e431dfc26bb8d2121e8e9710c1d6d6,66.09329
5117173eb1f134dfa3e83c340ede5e7e,42.07288
511afa76ebf9d6296289c33c33efcb13,58.351635
5128921b7b05814064a09d0e7aa2e0d8,79.71162
513107d2fc514e4294815ae6a1c0322b,99.76169
5137ffae7dafca85ebb8866738c9d7b7,63.53795
51569bf93eb8316fb28a50de4ee51604,138.51006
518a2627a8f3621bb5de425061813b86,69.25961
518fb2b512f6efbeb67efb334bfa7192,63.755272
519c3d0afe1bc6724c6f7c40f150c0f8,106.82532
51bd93bf6719fdd90765a741bb640ef2,80.70456
520adbcad4763855e57c99e8f4ab41e4,107.82173
5227d3c5d35e0ba15fe68c34e2bc0317,60.632446
522f245ab1f97fd172ec50029a45841b,39.4587
52969eed6d64e76d4f394df0e780a8aa,51.701397
52a5da88b7693ea11a9ec6423c302726,44.680965
52a7c2f6a5802f7d86a4e24810e3482e,61.82308
52dce774dcc2da4b98bd2e9f0acc6258,121.68378
52ed9432e774dfc0e7772ba137a245cd,60.38723
52ff1c7e796ae034a6337f602c953a06,115.84003
53025bd1054933ee7fd28c1d25aa12ff,56.31294
533de1ee30b7bcf8167ccfc9c7b93d1a,72.22988
5343038a852f2e388149443b735ff5fb,65.569855
534af5c2c56f13f77c4e2a1e4fc7c04f,93.235374
534c626bbab86a26334f932025aae684,122.103264
53d97a23772d1ac4a5bd2ce080a8266a,88.429436
544667f637294991a94a7ade96233609,108.83878
54577e71619cae8ba3d10c3419e9e221,69.11791
546169804e6cdd3aa6d48add96e7bc2e,69.667984
5481c1d3df1c80721e8ac2e5def624a2,62.152508
5505e05187ffe23769dae2bd112ba2a0,75.07902
552934aa03c478e9f7a4930cf49415e2,66.242516
5539a349809418a1d9e94f1cfc4fae52,110.796646
5540cc3fa65818f4c6e244c99227f568,102.29904
5559ba7926ed67015a157f4eec25261d,50.122643
55675dd0f8342c8892bd50b57fd5a898,50.35434
558bf53933f2c1f8e26824f9cfd73c64,95.74975
55a385fcb11951d397dbfb2a73a720d5,102.89682
55aaa2b77416bf7c1c4356fc069e43e7,81.02774
55aaa4723e62d4b20bbc13afbdb2ac49,52.115025
55d259828c71df6e0eee47839c034407,50.61127
55d7a7eb2fe2d0d500bfd1e2d20f84d8,120.94044
55f6d9fcf922da9ac75879a36b75cc5c,67.02745
55fab7902e1435deab83df96949b0a87,133.7501
5605d14386e6e0316086aaf29773d05a,86.21943
56386367f8b287dfb40c640af9b86353,113.11665
564d26144ee5785ea195a4cad2d38e57,114.90483
565543baa4feb2c6bb5dfcaf8db65479,105.21279
5671eec5852b6bef7b01ccb8dbb267f7,82.069084
56c3e0ee6cd4c754b26abbd6cb34320a,114.55325
56e5c86177ecd4a05adec40073dfab96,73.39536
57268c928f114ccea2ec00217b4cf276,74.00134
574a57d8986e3397c9b13906acd59fcb,51.571632
576880fcf3f3928e8655eab63f786f80,95.48765
57b54bfeefd7d9760b6bc52cf2614cc1,75.79855
57d39574396e6beb7a61f411a414b809,87.02522
57e38c85c1d1bb9cd0d0a69aea3b1481,75.24654
57f8d47123cd74908630c42e6a1abfb9,63.282864
5800021c376b9e0ea919d199550a08a9,91.476776
586acf1b5a58bcd4d53c8e76eefd320c,53.741856
588f6217b6ed07ddad056d84d7822531,139.99028
58ca772f7b1107d0f4716c99552f175e,94.0493
58df87ac6a0935e933909fe4d4f80d79,84.41136
58ef7061ed6b781a1a0224f2bd90fd64,47.334812
59259dfb3a7d82d79b2c6f7861be64c6,95.99488
593d2df6d5f5507a86d2c4452330f9bc,116.34406
594081e879d19bae2b9d2332b63708d9,63.50558
5945c19f97a7ebb3704643103e9af0df,80.14928
594838db4f570a63da18881b289f5e94,82.67769
5964b5374a67fe2cc7ea8d2d77db10d7,90.59423
597a2dbceb434a0b1cc5049df65c251d,106.68854
5988cd03b80df42c4cc768db9a6eb03b,53.296337
598abe5f7d20c908889eefba236ae64d,116.51625
599662ecfb9ca82b29ad99be88de746f,71.22608
59cd30e363004cee783c8199e6d0adf9,97.26253
5a6f44e8337dba56122b4b779e838001,44.1198
5a8f9ee1330c13d636b00e2ccb3143b8,94.05587
5b48d3377c649f984a14854ad2bb47bd,107.54386
5b7a7e77630db080e35d2d6e4d04b373,62.9386
5b7a9cffef4789bae7db6c64c20a6e21,74.68867
5b8a38a8795d13d2313b234c7407de84,61.2293
5bc194649fa3aea5091def1b4caa5831,77.746605
5bddd7f2f9e78e6bfaa26714c241ba9e,125.420555
5be15b7874983d0e4aac96a950d4ecf3,87.54176
5c194bc0ccd17c253c5a8161fb416986,84.891464
5c278509181b22da349e6dfa36d1fe5f,97.61069
5c37578f428fa989b75bdcd20054ce62,64.43811
5c5100377fbff7fd0ae2cfc365f7a9c4,86.31376
5c66619d457d68cae6d6e0cd88f0d6c2,66.983864
5ca3552e402adc5903e081742e651820,84.929504
5cb6285dee9fa061cec61e349040db1f,62.67619
5cd17b57f000db61c5a1143b9f7d51f6,53.21415
5ce6aca596e9408ecb70aed6ed9dc187,125.96054
5d10492995ebd5ba3a9da0d8766beef1,87.76363
5d1fafec745a09c974236b913823ab0b,85.098816
5d2501a5e9155f732467f223592bb0db,87.70185
5d50f90a630af3f3b59036a2bb359915,111.67725
5d95c25b473e485ebdfed9dd75f246fb,85.18944
5da1bd3eacd43a8552010b0195eb76a8,74.03769
5da6222e48e7bab3fa777744232b8950,88.531555
5daf199d180a13ffb5cab50111c8041b,72.79356
5db6bc83085ecaafd908be8594f92a49,86.77925
5dcd9859206468c9aff4e48d24cf18e3,61.790222
5deb4dc5c0ab80a9199e348d0b89259f,49.905518
5df3b5d06f05f320fcfc0426f34a07bc,58.98537
5dfaff4e832febdd5236caaa9c865ba9,65.72594
5e10ae929d6f6b8d6e29b1f96b72e032,44.22294
5e15a0c10cc1d7371c9132ac7c4f4fcf,78.25117
5e448b8dfdca3fd8d4db3cffcdef3f66,83.29585
5e6b433dfaa3324784a8a72d44623bd6,71.4592
5e85db47f54363bb4b1e31ace959090c,97.5864
5f481c3689a79a800a724d5229d3c81e,134.66905
5f5997df9e61021387c887d68a42ad16,61.982822
5f5e8623070d4925a9adefb5e5e743ff,102.783035
5f60117578565c33bb53aabf95180fcc,101.49812
5f61c261a1f1de3a8826a770d58e6d48,118.01769
5f731be06ca1c86aa01d359e6ad53096,74.6655
5fb0c1bf4cada8a0f2b6fa35d02b4fdb,87.10912
5fd20289985c135a40b06ba804792f06,65.9066
5fdd734f9be45edcec5ec85e1a6266a8,68.43785
604f36030e755f16702260948c2b38b4,59.644188
6070afd20ce7e985011ee81d2b1fa81b,115.572815
608b43784ed0d7cb8649b84a8cbf65f5,101.87841
613aa2b12a93506f8e9c657be0cfc8b4,91.64665
616c64cdf051d77413d14fc9478a4386,135.07027
6204bac28a09b12bc5433bc86999fb4d,53.134964
625aa7046be12b908f31be454ad6713b,90.87526
6275a4043d460d1d6c835529c95a79cc,92.65528
62afaf2caabb12acee9451e136e31ae0,64.73626
62b5a0a0c6aad342a21afa0ea7cbb64b,74.25816
62bd3ab74e8106345c96926f917e15bf,130.80563
62c649b7ef98c6671a1486d331200094,104.9259
62e898ef8f974fb105a4fb64dde30f21,69.85508
62f4b6abdfc38bf502a77e01391701b2,55.07252
63420c43db0468cb26b6ece4bf44cc82,56.081837
6359557fb92dc12a70fa808417c83bce,178.72025
63730c460f9eee04c3d40dfef0ce9f31,68.48867
63cfd795a9f1b18bb775b179b0f58a69,80.82917
63eb5a7aa867ebe73ce3078ada7de707,58.469433
63ed0a09a45bbd6e352d80d167e23dfd,79.04189
640b03fac6685bca61cf31374dd55dc2,54.316006
643c100bb2d0698987f439bdcacc8f40,80.7758
6458ea68ffda8c4020ed20b00c69ab1c,106.409584
6465b1f211709d39bc472356df3c7aa6,91.96282
6493e8ad07b1655b6493dd39dfa9f4ee,114.33099
64941a7c59fb03792732ad255c00692e,50.82356
6524fba0a126c5967e4db44221b02fc5,90.56957
65299aedb580214505cc42ef3e57b9c1,69.86601
6547f9bd34e504439861bead6ff758da,88.16586
65a5bdee234440854175020acd5966a1,52.980064
65fecf8e8a0055a52ef79151cc2b374a,121.6652
6653379822e4d259887643863cafe0c9,72.120964
6663754ecb5ef768ff334397cdf78ba4,47.297188
6673f5485097f44afee7a6cf2e08627f,44.074986
667708f477fad2705f50071023bac4ce,52.890457
669b0209a6555e1999b9d7fcfb05a3f0,52.371532
66a4aae1111381f1f7e3a4be57f54cc4,56.255386
66ef32ea3d38a3e756698fb16cc2639c,75.944214
670d16b16f8b6bdc6fc438086d8abe91,101.11229
67217ef6bc93f4f7c9045990298b58fb,151.82524
676a4ec6bb7a7f0f6c1417d2c98183ad,59.05077
677e19b1142455b930463aa5b2aa19b5,55.462395
67ae0e8f01028c43edf27854be05b402,73.65048
67c1e65de09218fc700810ecc35ecc2f,74.806816
6804659981ec02ed6fca4347059dbdff,73.56046
685638c8a8c9ceac2e31aa74d6559646,60.725094
68a83ca86a9364bbddf720e61b1ff27b,46.531918
68ca84cbce12e85b3efacc7248ef8123,58.152645
68d7de492a46373131b024f5668c9018,127.480385
6924aec75d95c45a8bc5957b5fb48334,83.94467
6927e22f7f1a09ebbcd3e23877962aba,55.04104
6929567adf0f376a9551f92a428caae9,51.11209
6998db42eb7b08e2dd6919b1be4c2b99,55.881977
69bfa0d8f19b60999b0f174d3484593f,56.89155
69cad204e60f321053f9bc2a504f1780,57.354927
69d7271a980260cfc85ec6ca7c20ffa6,52.04437
6a0d896b618a3faae23c9e97b951a143,77.751816
6a243efbcb9594f7f82712228d4d6913,78.25218
6a47aa00fa2ad649812e4a4ae8599c1b,70.95962
6a517c0b810becf4b3f0aee8e068a785,77.675804
6a607e5a6ccec2fe057b7fe4d91f8dc9,52.787678
6a65f36a1fae16636a96388570b0db61,46.416172
6a6ed3b466d201c08f561df2573a2001,86.93911
6a940e3e90f9f63fec37eea07b6c0daf,82.25499
6aa06008b26ea28a02b0c1f38a203605,51.04964
6aa5711bc37f5aa412411ce64d3dd21c,67.616875
6ab49e920d113fc7144bc56578daf48c,58.923603
6ad8381ff0efbe70b3794b68842ee332,63.476498
6aedf834283a11881267ad43ddc642f7,62.493023
6afe3288d50f6b61c99dbcd5d7f3eec1,80.55742
6b302706d44839e2f3c3a4fb77b6a899,58.340473
6b595dc70382d1214c5640d90dd83605,68.5501
6b758aeb3bcdfbfd9d92d0cef41b7f05,70.060165
6ba7130168ec1401107822b480d59d6f,72.53301
6bc67fb1d8cc2cff2b965833bfe908a8,63.982185
6bd9ffbbbf43ec5403c396a0b99a9744,150.31517
6c19b980c37af60f19930b838b384a57,146.83537
6c1e85cb5645bff0c4e151e684d79d5f,84.918304
6c21fe33f18a0680572de188e88bde25,83.85858
6c367cbaac40c972f8efb4710e1e5e61,68.65062
6c5b325e79e3de628be6bcdbbe363b72,82.366325
6ca50007c908d994621b6b4c0ddc2584,54.648266
6cb93a2cfe5eb583592c8e35ad219932,135.30862
6cbabd6e0ed6bb1e12d25d59d5c8cd07,122.42535
6cbcacafa2db320b639618b7a09e1899,90.874344
6cc31827fdf71536e1b46f57b27ea92a,60.876583
6cd4afe858bec8ff14f6e5ac55617fae,41.112576
6cf9a080f5f1b825b0235b616f41fb1e,74.864525
6d2171d54c21240db2ba5200bccb1807,123.49577
6d34e12a57611e46702730a3c1163f5d,98.38448
6d75148b9099bfa3f2b5278110e5c6a0,54.060547
6dae6ab972a2d4e3909093435760967a,156.0939
6db124e28eed07b2093beb992dd58888,62.063385
6e11eeb99cd912fda5b666d9063ae5e8,49.170334
6e33b433f71fb677c9f517d5ef5fd7f1,76.652374
6ed112486894a5c2a0741d1dc9485e58,88.46305
6ee30c8bf8b99ec1fa56a9f5e8f96555,69.16266
6eec5ff46ff13c15bb93302ce7384f0f,86.85211
6f213b7e5e37b8750ebbddc1a2886e3c,58.67372
6f32d1782646afb7eee2c23aad33c19e,50.253307
6f3ea51237969d4b7810fe756700cdcd,87.29344
6f83302b7d415608c8fabd1adf6c58e6,73.820496
6fa311102b812e04c4e356283bc1965a,64.0799
6fb9d7944ed89b2cdb942e82a3146d11,63.66358
6fc4fc57bd5751ab31ebef62109c4710,87.707794
6ffd5a30d9492f42a94d7a61cf94e6f4,76.69619
7023d8d6d3eb2d380162789ddc77cbdf,77.34125
7036478d8bc6da538d6876fd467ae7ab,137.01424
70395b52b21a59f57e16c6acc7ceb2d1,52.165466
7046122c25f4f34a75157b8d63b2e27b,82.2506
70478cd9897f590f4dbaf4d249da4dca,105.82905
7062f976e809b9359859f78c44630cf0,66.36498
707dc07dce04a056e7e7078e252c98c8,66.431465
70c91123aa49820f67e6e8a85ea6bd2a,97.59379
70d600f4481eefd5d61cf55a5d8bc078,92.33621
70fe4408f70942e5b78fceb6a24e2e34,67.36094
710711f69fc2990ae1a78db77c2a6c96,93.52956
712fe9ae31ab5ad376fb6db3c9928527,54.130066
714ee435b5abc7460516718ead47f75d,52.476273
7152b9b6d5c19f56cb993a2746d9bcb8,77.28231
717656753d51416d2e4d6e5ee37775cd,74.69926
718a705093e9be3ce79f07566513d740,52.49046
71a52306c9e71e4e417e2a3a944ddf97,89.00288
71b25a4f1fdbdae9b871d2b8ce350d9e,73.66497
71b4502891a16dbf61aa22a07273ad27,67.24718
71b4a4141040e719c6a2768849787ee8,96.912605
71b68be602f4b5e898e1bebdbdf1ee96,60.222057
71ba3b4fd7f146bd02b2b85e9cea8b59,57.882988
71bba03bba774d16f1f2106e8523aabe,52.92256
71c22abfcdae4da7fa1e0da5eb826071,98.95928
72161b6c6492cad870902d63fee5505c,115.5283
723116be006c80c3d9e3a1ed7688ec26,92.64825
72457135c1028a0c0320ec5d2782b461,113.80648
727105067a6ceb55b5310706db9cba6c,55.316757
72a75929591a5307e88a83ca35c712cd,99.16238
72bcc311ab251f02f795c58a255e03d5,94.6536
72c97af6dfda8cb6821c92003293bf02,111.94717
72cb225c930bf0c16fddbcb3ed50e44f,88.01385
72e9001e5f8950b24250f2be0a87fce0,65.38207
73211742923c0796fc1ec8b182a5196b,60.74248
734fde19fbe18880d9a7ec2d1e10b1a5,74.0301
7393fc5ca6ff454dae0e44729930c244,115.15525
73d6dab6189c8c542b3b8bf6a1f21c2b,75.66852
73ecbc2a5c2a2034ebc3a6db42c1ef08,60.438164
73f334643553aff11c09672cdd7837c4,88.82748
741a2b06fe3e5b95c4531c216522458a,156.12834
742c8318bd4b691ef21517372e12eb14,89.385155
7482b208fc532a261a251e134d75a256,79.75979
75157e48e5b3dc464d77f272bb9c4e7e,56.09853
751dbd8017615c4b5c440971fc6eac2b,101.60234
7532ae6588d89050f3a4815fdfb1266b,90.17963
756d9d93bb0e9831cc9fc31435d92b54,114.049194
757ef389f071a6c9a217c46ba8a3a44e,83.57986
75863104d75ad638a33a73e977667919,95.68331
75f351a31540fab7aaea92a4c48ceea7,150.93571
76028e1d901696f867bca3657d430b98,95.02358
760edebbbeee042edd9a8456c23c5497,68.02335
76214e3e46a738a580bc7750d67d121b,71.60532
766858898915388e342eb1a6904105d8,80.6305
7688889b663d362689c5845d76290864,52.97199
768aadb3229272a301942f49ce2a3561,113.18735
76a1f174200224096c44e6582d9bc309,87.98485
76c95100f03b2f2780b1c8fcda3299b8,50.447624
76d8413efa6ddfba3023b600ab69e2e1,92.58048
76f4cdec89bd556bcbfa8dcb6608cfa9,89.05341
775574e1e336fb3efe12cfcf232cfb3d,43.55249
775e1bd2b8d7a4f3d695002061e31946,59.024208
776136611aa2ffe63d476be7c12075f7,73.81601
7761c79d6f1fb0e75134926b802258dc,75.850494
77aa90d529a8a4e1446a53fbeece0cf6,88.99931
77b4f3a9bd9d947dc8ece01cf26e7f54,80.73434
77d96ad48f945e9825c6760f692b3631,92.49493
784ec4babdea6a6a4148cd1e1a327572,61.129395
78671d7c8f054b7ff6be5ddb0dd83f68,89.797966
789c6504762b0299097e5c441b8ccb0f,56.343052
789ea55331bc8307b40a4579129de8ff,91.789795
78bfe0c0304e8d4b197c73b18b7fe822,61.607857
78ce7b5ddfddfa87cb8e10c5d3a816bf,94.57306
78ded4255afe70b897e4d3ecb9c0848f,47.321903
78f8009702d808c6ca11a0944ac9c3e6,80.491295
79067ae34757e7033abf6e6af15d65b6,73.43168
792659b87c10e288330ff48d92d392fc,89.00116
792e91faf9c94b4c60515b4d8f8bc266,95.171165
79476db2d2ff59123948ed4285e17747,75.18348
7962ea95866461c337451fc55efe37b1,61.497112
796729b3f9d952e174ff78152671f152,131.18895
798ab24691d9e866ae1b6551d0fb41f6,74.91882
7a14020509c4eea8dab62cc5587bf3df,97.411606
7a3cd83d0baf63930836cfecc79b5fa2,84.1642
7a707ebca0bf03f636aa3b39ccf882a0,158.01895
7a8b7633cccd004ae364565cb4ed25a7,123.81743
7ad24253dd2e679d3d1f829c80712726,75.79017
7ae4db0c0980dd2cadd067e338b62fa2,66.40856
7ae7421b4cf02ff2a0aa184e5c4b4a6d,103.46666
7b2efce5197f82f25b95a136b5142093,51.20544
7b38ee2bdc2a75dcd7b82165bd7e046f,61.711525
7b45c916108096327a9c8c764866a5ff,93.91292
7b82ae34b799b630e4d4883ca93d3223,75.80629
7b86d7e87dad1bc01eaebc2a58130dfd,68.8058
7b89177fa517b753a53f43acd265703c,73.010666
7ba039077e4ada3e97c58d3dc522a7a6,80.91465
7ba4d39f36c132fa0b7f738245e6776b,83.2683
7bab6e0b75c2809baf29844666674650,67.434746
7be04921e8593833ac885640e7b4997d,54.23488
7c05d6be9347c346176908980f48954a,65.26113
7c6583b14685bd56265d6274545405a9,176.17967
7c88daef7eab677ba58d5b2416206670,92.262566
7c8ca7ca719e4e2b7ee98e49d12cbbeb,61.622593
7cc0b56f332b95e77942f1ddb8e37a81,79.40792
7cc742a7e52a2ac5a2e127de603f5747,140.55818
7cca0fcd1cfb4f6da6b259f2aa200623,100.57596
7cd49b5a651ca46f3ee3f04824c23898,73.81478
7cd7ffc9d571491fd404a5961c1c5677,123.030624
7cf1e0c47dbe165ec31aecfd4ce1b2ba,77.84114
7cf4bf74d38a187ca173caf13289d762,61.6019
7d4c2d9571ca1b4bf957795a92fd3b98,53.027462
7d5622860392d59883d905a81441056e,119.75417
7d575e45c5ea141845da464518eea1f0,61.838512
7d7f364d0304bd302a375a6986ab2cc2,69.41533
7d97a4c86d210fd03b80c7f2609c255a,74.54502
7d9ebca37c98b772bd26235a22b7bf57,96.97575
7de46830b93c94a2f06fef04b1b3418e,50.24904
7e301190d7429455254d16569231eb8a,89.570656
7e3979ae9582eb118930334ffb2081da,71.86632
7e41499170818e6e2f0c007145a5bc39,79.50048
7e4856caac7bd55549b6148cbf1749ab,70.45897
7e572125c64af74b73adc2fdfd819432,136.69603
7e75b4de15d6768ac1b5df903208dbbf,50.893787
7ea954a2090b43d04c23ce1fc880366d,121.47425
7ebab6283d87c169291afd709bd9b4d7,114.25287
7ec9e7594fb059832a089ac0ced46ca4,77.26935
7ed7fc0b8e777a0c491b0095c43b7b71,74.098175
7eeadad472d63628b92bd3938415a63b,66.40574
7ef6a33ada9e4b025cf77514a70f6a6a,100.09945
7f1675df8ad5e14a71f3fd34747f1525,62.91533
7f52fdf9c9d5d7f142797f680a0e9e67,70.6869
7faf7cccd35e40732d0f7970d843f6fd,66.81311
7fcb9adaaa3312a10431c478961f9522,94.13145
7fef11995dfee2e8b75c9df8b33cb22c,102.277954
800238cb00fc8982e5801a4b1fb068f7,113.29352
8074e7caaf0fa55150d06619f5b0f347,100.64401
8081b9be4b93e63a5a96dea3626e4340,60.42529
80937ad4e505f717e798d0e1b92e2a64,92.081406
80e81dd9b9d24cb517ab8cc52fa73d71,66.06139
813d2ee836f7fed55992dbef6f3cb7a6,60.948616
81788914ae1f361df0647873a2e1873c,98.001785
819561d8091f072264983a740ef24b3c,60.304333
822b2415558f58941e5ade283df7f404,57.904167
822c8f530fda05cc90e63a2197e413c6,86.88951
82558788c76db31c03c185643dc9d2a3,64.30485
825ac2f0e674529a87c3150954e8c038,136.70215
8268c68eafaf43f2eaaaf6bd2367a0e9,60.191353
8276849e8fc7a679a7b405076577ded1,116.523384
828fae52d82ef561044e834a3471654a,114.915276
82bf985b9755679fe7d8a42b436ceb2a,80.97574
82c267207868cf277359f6ad5644ae36,83.58333
82df0b5033d3641e47f880f376537de9,104.45117
82fbae9940ea7faadc28b0a5f0429c22,71.765884
834afa0ad62955532a0e43b85b0c54bb,105.114006
8382e6baa4e1f026d1e7d9489ae59e2d,78.623436
8398b30601b169e71dc45681e71b37d1,55.709835
83b02ed708febc2ca2802a7e553a8866,125.85243
83b182c918e77d2ffef47d4566474725,83.261246
83c4233df89e4a0cdc1efd6819a8163c,67.961555
83eed4ca2e0a5f32f70b69b68e5fdb56,83.812325
83fbdfea95c4c8cf3d6722cadab706c3,61.47221
8406ab8fe70734c75553c0083ee10402,99.24885
8408cbf9f7495a729227722f37cfe930,73.38596
84241bfa73c1b9543ebbc421e115398d,75.062096
844997a2a7299d6979a6f50008ee1151,50.601357
844f746ff505c01c088de90bce067b94,42.59877
84560975ac766e5f94cc976781bbe490,78.64948
84837c34867e345da9801688641a233a,69.15598
84955db0971fc30663225a57b10603ef,49.429707
84972f4c089cce240fe6140d0b199dbc,99.97421
84abf5c8f8c32bba320b8d284c0f2782,63.3268
84be803f2c626236a564d34569c9330d,58.33984
84cb1a37b9af9ec87bb282a12f5a2e06,114.77294
84fc19db13a6d5c7316f5520fde607cf,77.443954
8503d99abc74a98137214c9f3fbc18f9,61.84189
851d433b2655f54aed48420a41c13879,79.527405
8544918671ba8bfd8917dc60c762660c,104.188385
855e5404535b6809cc157654fc742ee2,81.25175
85863b9b85a3a0e32b37abef5c434f26,88.84216
85942eaec9fcce1bc1675055bc2bce68,78.87071
85aa5a363a41c6cc2ff5c0934a296877,86.22866
85e6f2572a12b4c5597fe9d4bcc0b85d,61.42667
86668b68cc80b9ffdda543c2100a2151,89.16008
86701f032fc6e009741929187896dd76,63.160755
86b25eb7c4471c5a4ce773c03b676659,76.29837
86cc5e2df741ed674fe0eb89ad795398,78.49198
8732262a26754639eca12d9e1b1a0abb,87.63348
8746f53667105725fe05da0d0913ec9b,81.14101
874dc32778d34ccfbe7f5c58192dacd9,75.48532
875841a60067ab7ba05af35b9678b304,89.84222
882578d63d7521dae0392d74fb3fb18c,47.38572
883134d111edabf4bc9f28d065ff0347,102.497795
884779c2d50c4e0cbed3e85fc36010ad,64.49925
888027f945e909d655257fd57d10bb02,69.74854
88883caa72d4f6addce87d76ede51a02,103.43128
88c21c12c99b48a02b1ffda4a5b7bdd7,69.559784
88f257ed92e8e9c92e4bf37895515e1c,99.491646
88f72fe56ef037485300ea1aa3cfcdbc,91.380684
88fc3b63618e506502b7caa325c5d432,76.63185
8915e451e04adb75c32384681e28b99b,91.040276
895a32312efb7ca453ec2851a90b6ac7,70.61426
89641d2e83aa222d89c952309d3e8139,68.934975
89cc5e0456aeacb7431fc9b783a8584a,81.261696
89d059de10982aff982f39494a94b57e,77.162155
89d9ef7b4f10f0f8b8f4097bed64db2a,123.168755
8a29bdd617be9f72851b8a137f713ba5,102.40035
8a4e96ca9b8e828417a48fec26b3d34a,68.54481
8a4f8e362801ad18ed00b876e7bd1d82,117.21294
8a57720096bef02f5be040638198752b,58.36334
8a7b8131a1c361920f9e1730775c766f,92.457
8ad148a93803d0f86a4ceeb9766036d7,87.31958
8af5ceb846b549924c66456dd75c44a2,123.88149
8afde18a8dc7b5df9a30d55efba51efd,62.542454
8b02520a70b12694a410bef70bc6bfa4,78.65657
8b1f0ad66302ec45db62eaad9e3f52b1,71.76343
8b38828c5fdd8476dbf794495ade67e4,73.60698
8b463fb2a4196b8230ae427eb1e7bb76,88.03382
8b73c89f8acaacb1f80a6dbc0d7292ef,96.81607
8bb0e067cf5302c62ded647d4aef6e5c,41.722965
8bb86fdc39da3766b02a8db60329342e,99.53433
8bd961e4ca15b2c882aa58def1bc69d6,91.093765
8bdaaa50cd062e06c165b00492b45b38,83.7304
8bf1a2005ef1302b69f691e93a8d268d,71.095505
8bfe5c46f58d7b338ceb47206592b831,73.60582
8c1ae4e4abe2574b53bf427d8545bf87,110.50961
8c26d23822a909634dca870ee857e049,95.08419
8c282293f8747573e5e873c4acbf3cc7,105.02973
8c9c8133866687d6ea7248bc999fccfc,94.39769
8cbd057ae1c0296d5a4b913a0effda92,53.781384
8ce10418a6d9e55f6bb9bbb78e915885,54.98542
8ce6424cc868ebddd11b67b5e18e7a23,135.44995
8cf9a1d88cd082a7115e8e4ab3ceb2a5,96.19937
8d4147113dfe613e606cf55f6edceb46,80.41857
8d685214ffc3935fc633328d6099e274,136.12491
8d8898222816db851bd251a4cce5b9e8,80.558044
8dc0febcfdb32aa34789fc190383175f,79.74896
8ddfa31d45ab560fa8923727de55fb60,126.887344
8def60610de90bcfa38dacfdd1f20a91,96.94478
8e06d32bdbe477ec23f54c0c3a01acfa,80.23139
8e2aebe335abdd0d35a388b7c59249d2,136.04593
8e445068b52024d327f396451523e6b3,107.89024
8e770a638e8e692926876692059bd111,76.84118
8e7b1844c4b37033b841130dca124229,69.30864
8e9ae96e124334bd9ef3f8831ce71dc1,69.37572
8ea536626ba28213eb00b5b94814131e,94.08776
8eafa883a0134530e6efe9a595e26a8b,89.16765
8f07edee229b02900adafb74d9053eac,63.19486
8f35f4361c2140063def54d704f0744a,57.873337
8f3a22dd7460e526f9b66968c03ecb7d,68.68298
8f54e6d34c1b0ab334eb9b6b433c8f8f,96.07739
8f7382076fad3e46136929bbc55089e6,135.14677
8fc430e6016779815ae700bba5938cb7,49.369614
8fc65dd2ad861b2cb7d513ac9152a8e7,59.49176
8fec2ca3170aa97292f28adc9c03d8ef,83.08587
90315a902be07c8355b3b29c43d4af0c,80.68403
90452f45ad36bf5d3271c40e0a89ddc2,85.59044
906c1adf3e6acdf703fc9a8cb7a54843,98.44055
906f3ab5615f1758face4454f70031b9,87.01617
909e99e3c97d2b6f47e9225a22f3f9ff,91.20287
90b18eae03344e221e5dc8267855b53f,77.079765
90d000ea28bd1fe42a476320980c9189,90.7269
90eabdcc15b3234812f7d4d487241ad1,58.67809
90f6dbc369323de8a8630507d49a8a62,56.467163
910c94095197eeb0e513afacc472bef2,116.77671
91218435566bbb51511dd3d655824397,65.18403
914bef6a956517261ecfcf1ca7514386,84.06413
91c1f029b3ae7536fb6ffcb02283ff28,58.75082
91ffc5186d5f1b6e54ae5472367b9354,88.77953
9208bcce5ee71b18ac973b4eef2bd94d,63.18454
92edcc390207bdafa9e771f4fa060337,66.50535
93173eeec48c17080ebbd744f1a55ebc,91.49731
932dc2aa2c0f913fe7af4953e56f0d28,56.5568
9333ccf6fff635ba46e723cad5fd5fa7,72.65178
9335013c994eb312883d9a62f2d5fdc7,60.037884
933a74f648efe9eff4b30c5077841035,65.93314
93d116eafb2ca5f7f563f50e9e859bb2,65.6118
93d30249cf385540ec47df8624062684,106.923805
9415ffd3e7a76312651b1ceb95d03da6,68.48458
946becbc30791d67c13dbf77900d4780,52.873726
94742139fca92cc8441c715c1f827a8b,68.71975
947e177d132ecf3236e671cf4a21bf05,83.99389
948ea569c35df426fb65d41e0c368905,103.43604
94b8741f7e7becf4bd7a467fce2f5e74,132.3676
94f58e7edb95075e8abd360ebfb39756,67.48008
957a90a7e95ab4e493d4e4c359d3753d,143.99355
958791f3ae29e63069bf1e2ff3cae812,86.81791
95f7225269887ac26f96e5019e3a208d,78.47019
9643f71b3067a01dc7f3845719535482,78.24331
965a787a49c195a32baf62dbf3a7e16c,77.496574
965bc8a64a38e0ce7fe3915e36734626,63.705097
965e0defd4ead563eadc1a7c34b4edb7,73.10853
967356f64354b779ee5eb47e3ac4d6d9,61.654533
9685603bcf96aa29c3b100ccb13ac6d3,81.145096
96e2ee6d71490b0f7da987d3b9d5b0c2,90.19154
97295eeb98b916670c8da588cae7391c,82.590195
9734b09766bd0bcf1edb22a9a0ccc594,109.14511
973a998087f5aa9bd405a2b6adcde2fb,71.14932
9744e2f068939d962739cf207a4c9118,88.372185
976ce3caa4f9d6edb287cf190e4b3d8a,78.62802
976f8632d443a3165640d8c1bb9f29bf,72.22217
979581752e8c6a55adb71a112e0d59f3,52.280823
97ca1f414d8c5eedac2f547afa8d69b8,80.39218
97dcd02bfea781aa50de3b3dbe642f39,92.020676
984ee4b6a0cbae164ed256cb3a442319,86.41855
9860cf8360afdf6d28929537e75b070e,79.49073
9864c3f32bd1a57667441cd6d6f00d63,60.40273
98c5736fefd9aa73e028f71cd51d606e,156.70627
9993a08a0644a3c37797b437fe116957,86.005745
99b682f56d6d9237f839923f93140011,69.46261
99dc4fcc21cd1052259ce7fac43d2229,85.461586
99ff66396b2736a42a7744075ec7fa1c,86.380264
9a0bc800ae968772dc2237c0e12a09a3,73.215546
9a0fd2226df72cbdef4fdf746d5cbdd1,68.60505
9a97eb77b8e7dadf4d0e217a97c2c3ff,110.962364
9abb10378e5ebadf6c75ce666d20b779,109.26887
9abc6822470cb6b4385892a9453b7b80,111.436775
9ac421dab6fc30845675856a22901a63,87.91419
9ac600a4e4b88e819e40075b8120a1a6,80.699165
9ac64570e2400fa25db440698fe0557e,78.8734
9ae624c5b8fc7060e5508052fb534f06,38.258465
9ae8f5a08218a32043ce00dea292e916,103.63196
9afb4f8ddfb615c33de9dcc9889f894c,63.22189
9b0bb6f8a4c0fb38f3dbfc90d0cc17ac,71.383675
9b118306bd23653ee2880411d98568e5,55.70528
9b1ce3b792cecc50dca1dced39210721,89.61029
9b251f84738b7cc713114fb5ace62433,79.64131
9ba5e66cfb5762f16748ac9132e836c7,84.23494
9bcefc24a68dc6529d81473cfaa4fcf1,87.55425
9bd60393bcf0aab9d75dc6d1af10e140,50.027905
9bf29b56619fcaf60b52690a848e10bb,69.647514
9c0b995d34d7f9a1ba8ce3377b8598bb,113.96508
9c1f691cf8818e6d0b724dfb36e74883,88.94682
9c20b7f885ba994cc071a301f4c55c7b,99.62893
9c6d83773bc0bace9c3152bb09c45bee,64.88671
9c75af4a188ef7fa7a7b1694e9308280,80.4414
9c93a3d169b0e4ee509adfa0274f05a2,56.86195
9c95437874320123de2844460e56afd4,86.88127
9cc2738807da9d3b78797542d40d1ecd,108.611084
9cd708ac73cb4c79bd0711d4b2217f4b,40.294106
9cdf5467061c2ea84d90f51fca669a71,124.267746
9ce9ab702f18ea8359f59142abe10486,69.37438
9cf2770d3712505742aa574a1665d9de,82.84001
9d166fb602da06d79bc5ac29c9457762,75.94606
9d244f45540b6af971ee93848bc3a4d3,50.549686
9d3d8d746152443a700b94c580f6c83c,105.563194
9d880fa3d8b78388f76c69e53478cbbb,79.168945
9dbb5d2394e2544d5b17f6222682a621,61.892258
9dcf2fcd0f5128c60a36a410bd7a9006,56.17554
9e05b047a9c4c167ee0f201cc67a7fda,110.01834
9e06c4d93702eeb46ce5ab927eeae703,81.56188
9e2f285ceb684d7455b38d6e71dc3eae,53.895184
9e2fbd65c7584ced9c75347b8b0ec5dd,110.59842
9e4708b88d4d5521b89e6b299d083bb7,48.464523
9e546fe591f61298502d5494f5d4b75f,87.74312
9e5f46ab4d4b4887a0f742ed1648028d,61.82478
9e795a48f28523b87c8cfeef3c1bb510,92.36372
9e9908e1a593af48c7e72ace138bb0cf,90.61601
9eb3166dbec14483d88f47aedc64b3c1,88.873955
9ed18edc2247eb3342741a7f5fcda25e,65.12986
9ed65efcd1d76024a97051c9800d3370,107.5
9f079dfd72ae0ac798ab4fde1ff7c5dd,47.488003
9f07e579886120be864f50fa90a52555,54.707047
9f2dffd1332cf9094cd96f37524f9841,59.504833
9f7fba2c246a640abe2466c422c88a33,80.69446
9f93e12860e772ef7db2d5020b86af21,86.60493
9fa5da5335aca5d5682cfaa986db6eeb,76.295746
9fc2e31a69654796ae063fa3430aa261,50.356716
9fc64c393d13ebc5f51e8ed7d0adf2c0,65.1388
9fcd229546524c48c5c3f4d52c1eb2ba,134.9998
a00db061c605cc0322171c8012460125,79.03479
a0145a1504b9aff0ec74144d41eed2ca,80.47624
a014cc2c5e3192984016a7e05b6aa4b0,103.71686
a030ba1ea6768df67411f3673497b736,73.27461
a06e8654639e72e169fd86e76203b2cd,92.92269
a08b2a42e35c1fc358d8c0db420e5bf3,72.399734
a0b1f7098b5d73a684d4b8b0302c3427,71.63339
a0c6bc7dda78040a5f78a075c20fb6af,55.098835
a0ca5a373a7b3ea77d7f8255b6ed8fac,89.196045
a0ee4d68615fda0c3210ad4f04e7b7ac,93.79391
a0efe6a7f7a72ab3e9788e8b325a14aa,97.75181
a12153b818def969d607cf9970ab912f,85.960655
a125c93c5e2b7324da5dcf5a65bb3956,54.645775
a129d8fbfbeb065ed47a56af1868e9f3,40.687157
a145e13a19ce99e8a7de1ef86826ec7e,97.654434
a1539df98107c7df914ae2d77cd616c3,76.44911
a15629011507a43f5f20086ffc894611,49.449722
a158ead39d2ab957820298619fa853f8,87.58621
a1629e5f4e2d0a44e143bf76ae9552d6,113.56246
a1aee7e27674c000742d21e9ad8f6cec,52.267498
a1c24f326dfc0f29c7281a7372ff2bfb,68.565254
a1ea9b2549a8f8b67ababa139fbf9a5b,60.40017
a255e2381b9a627098c1fbd9552a6a60,63.29093
a2621f4e81455e1d8d788fae88034edd,69.12805
a2cd35567e84bacb9466c5967dcd0a0b,73.1116
a3390a4cf212f377b6faca821d2f605a,58.09157
a34538607089bc9a38d570d6892ab872,56.254463
a36704e21afe30b05e07d4934d91203e,65.40827
a3719132ce4e9345eedaebb21f0a438d,95.39011
a3961ee889cabd370c6d0bd423accd18,86.91525
a3a11ade0bd9d842430d3334f5c509be,42.55459
a3ae320f7ae6dc83bb72d682d22b29b1,82.58474
a4288a7c97f435af970b1bba6205ae54,68.26451
a431f8f887fb248a76e943a622a93afd,75.29918
a4679535cc12b895b77c8a678aeef1c6,93.53823
a47de2ea82035c16d93aed31dce51afc,117.88836
a4892430f0b23c36962dab5d3cd24249,69.36741
a499a81a0e1eb485bd6c663462e4596b,50.14218
a4a41c75b0dbefab16cba2d7f0651b9d,68.17018
a4d4f632a7fc3d33768eb3349de4054b,64.575905
a4d935290c1bbcb0b2527e3a4af43f95,87.58811
a4dd90c0bc9fe12f216fba4a1709c958,70.4143
a53bf42756b9aa6603ba3633837d2b23,79.33414
a57b49058eb3c32b64cbcf42f2228240,107.824715
a58bd91fdba7795e36022b746e0e8246,71.189644
a595227084ba4bb8935eaa4130a2a302,63.624382
a5ca101f93b32a306e9b4f7057075d46,149.47539
a5f3b2d00d5901562626d15e7476230f,63.160484
a618d2e7bd909ba7f167a55965f65b4f,57.394306
a6393dce402d92faab271a353f707395,68.98349
a65c84452650a7ff5c06cf6edd689be2,81.899605
a6614ad6022be29d556f1e42ba46a4e4,73.56393
a66b754a51d88ddae296533b20d747ca,58.063572
a6b796ba1db4fc801ec5fa56d956fab7,44.10644
a6e5bebafcf6940e9d57d041d78686f7,88.56754
a6f49313b70c55741fd873d58bebb6eb,84.81035
a707926dd1a5975fa0569b6223d0a48c,55.936043
a7487124d0fbfc28b1d2199a138a9d4b,92.37048
a752a58435f7a3a46c81138470746c05,82.2701
a75b08ded9746a32ad939400a606ec78,78.6815
a7830d2c6807a277f0f94acb31cc9c28,101.512596
a798674059400cb499d2a69206e0eed4,92.13744
a7a383dd0d3cd4fbf4dba7ffc6dfa4ce,82.078285
a7c0cb2d1dc752b37bd10c4ac18cbef5,71.36547
a7e015803fa901fab708ac2d2058a252,88.70022
a8546be3a7836b549a692efd65ddf414,98.06158
a8a0ce30b816cee015507398db655758,53.81521
a8bf043020de95659205fc2d5c639941,77.72763
a8f07136d11ff8d9e8452cb64397656d,69.339584
a9137b38926edb977680477c729d6f85,85.99864
a921fbff9199d6ffc34280e41d23ceae,49.684105
a967b78cfee97cdc8cf70791b498874f,66.33405
a9ba61687a247203d514e6a37e80b3de,81.6253
a9c89ea6e17dae73a13787d546b0e2e6,50.78915
a9ecc5a48e0fceb25fc8c2d2aeb13c85,85.6686
a9f641d0b779c7be5342cafdbda529d2,52.873997
aa01ac5abb24dc5d6755c92d98a504bb,65.25571
aa621b0a86221dfdb5c815e5f6a51c4c,56.87813
aaa0460dfddc6300ca316274d85822d3,55.07899
aabf67dcb0a1c5f1b4296c1ef53b90e2,88.685646
aabf83b3f6e8e54b8e43c2402ecad7ca,61.526253
aac2343e862ae3a022c503ac7e574f01,82.35808
aaf0616e09098b04b35f99291a5c9abc,78.01466
ab03534322f8abd3140872272570870e,87.59279
ab1433010e450de12baae458a11cf764,164.2902
ab1ce3c529443eb2602f6144e5bd4c5b,49.03428
ab22c2f887dce5508a27404c4dd35efe,68.38197
ab63c18a15d83474571964f133f46f5b,114.5201
abe8121e989a9e1c7a310bf5509f683f,94.61358
ac0cb6e9a3989f191fe25c81ac8b7143,69.921326
ac37563fb80078e6acd1ada4b208641f,81.68349
ac39bdf121aa3ea95ef65b2dcb5dbe59,65.31704
ac4978ebe14f6334e82f52ab462ac9ec,91.6526
ac7d4271939fc843c2ef5c468d2c1d99,73.83109
acae2f78f7f5ed23af87da8de2f0bf5f,61.24588
acb5a26423a25612835a75441432572a,87.95534
acd0daf48ceb528162573b1b17745831,94.98683
acf527d09e2d402489ad535fc7924021,48.69198
ad2a666871b248b2793dbc199fa65493,83.45997
ad3a9886cd3316cd8a9a70a454c99cc6,86.21796
ad3ee520284ad960aaedbe7ed2bd7c28,82.21599
ae1392df8286ec37085b464f88a502bc,86.06096
ae16e5ceb44033861c07fbf30d27657d,85.861534
ae17205f0782b933ef83dbdb8820acd7,61.66069
ae6896e5ddb3b01831210ccc8be5be30,92.674484
ae6c5ca6189a527784fa5e3efedef6c3,96.929085
ae79bd82a3052cf05a781ed3915e31cb,78.888306
ae805a5293d6a0a08907ecc9a043ea4f,103.84089
aef0444688f3b0ca345a1ef32f0e917f,63.156876
aeffeabd92b032164ce0c8b36cedbaf4,65.75177
af00186ac80c112d3277184c943028c6,110.20908
af24bc3ac3c3dd948a82bef0348f759f,52.628376
af3030a30db62c69d4dee1e7376e6201,107.22702
af31dc5bc680e90466a68ff1a5d7e6f0,81.534645
af3ba7eefa0efee298bb935c989f7f06,79.67899
afafe680f3e0eb812cc9b26fc28302aa,77.22084
afc59c4e72c2da3e763c953948f33237,45.37396
afed17b48e2276e0fd5a0c967bbdf9cf,88.70441
aff70ff9eb677ae5b0e531e943a84e85,98.850845
b01c5ed6de3cffa90f23147afd3bfb51,79.93788
b07e670cdc4d4946c96071ca340f5d5d,73.5438
b07e7010a948c3e7ba3e5a9ef75cb67c,104.11907
b0a5926787f616c8da8f2af26bae8b83,99.436844
b0b4a6dfa1b7544ea75c1eb175d1e4d8,56.167675
b0c3464701fcba3858c0a5455fdbdfd8,60.27898
b0d66ff484cd8f5dc8653f8c6e8e8600,70.76246
b0e70b0059a14295bdd63fa9c7109b8b,74.130615
b0ea9d596790b3e0476da41552c03e91,79.39776
b13c2fd0ac378985e85f69598074c125,63.911274
b13c87e52222ac3e4d4174d20479dab6,92.078476
b1739039197ccd9f11967b85e6296df0,77.62952
b185c66e66348b89cd62207d3f3aa401,63.33871
b1bc05b5ac963200a4b08498f7320e24,64.87619
b1cd1991d176bf608ff6f2c0066090f6,70.43267
b1e1b6f1d0b48db6e238a524a5c3c5ab,49.70904
b1f3778ed59f72abbcfbf558ba039beb,68.499405
b22726539f1be26ba894479f19708276,91.04697
b24270fdf317fa2517921ac24da32403,68.72543
b25f940b1ced4821afc14a1886b661cf,68.57512
b26aa01faea5d28b47f35cf76c4f3148,79.14209
b27e7687ff0395560f65ee597caf6b31,67.7354
b2bd24a8089f10b72be1cd2dceb53a99,81.42823
b2de763310b0dffb500db2b5ec41a504,88.1556
b321d542d1950fa70cfd53864567f915,82.4521
b32463dc876ba980ef96b868d345c1d2,75.75305
b326283fe27d258ffc1d998d6a0197ec,62.271877
b3330d0f5eb265e0a739b808fbc99488,69.68051
b336a35e5b1b78a8b65269a6efb32a73,97.602036
b3425d2d12c1d44f4a529a08cf99ad62,73.95831
b346b54486ef2226d14bfa8040c56395,83.744835
b3792687bcec3448bc233f6fcb839945,52.853176
b3b9759fac4adbe3ecae3c31db4c4f91,72.910904
b3c50965d959eb9f14dad9787d3aa499,63.758312
b3c55803f7676df228b6ad23011a980d,73.87814
b3c73e8e054a858c18de47eeb47fcb0b,101.15363
b3d2db3e4070ba720b6f9f4b6eebb87a,57.320034
b4147839b390f74307c12425a24564b9,66.43522
b415988006129fb913b030959d61aaa7,51.604744
b4521eba374d6cd0324884eb5aeb6faa,100.677086
b4631fc0363d38ce270b837e5bd9f082,68.44454
b4677552ea18d9f0b172e931c0e8e9b0,148.27823
b4a06cc94a27856c5093faabcbdce390,61.20393
b4fea2896a5b49d8caaddcf1d09e73c1,67.005356
b54ad8c98dfa587f29b386c6e13f3f31,70.783806
b568a9cac72b7cfaba814f94807171b3,49.81026
b5719a467a6585f946883286a33611e3,71.776146
b588286fb4d419493e1c043c023960cd,77.0402
b5c57b4c9705e1d267af5629df503c02,88.536736
b5ce1b73f12bde917dfb7e641b51102a,99.95581
b5d9d5ce376d7a55a0a61f3e3a9cb95e,116.48191
b5dd1ff310c53e42aa22b9e6d4d2f98d,68.16167
b6163e4047fb43c759e85e81bfc50a48,66.20379
b68ebb93d44f7eb0d53a7cd98186d1ce,75.15456
b6b1c81be29b6be9117c36a6ad1ec01d,153.95076
b6bc620e62976b5b6c15317ee50eecc6,69.738434
b6d089f56d29a01888000a05dccdac01,85.361595
b6f88d0be95b0a3f1128121ac3e0d0ce,118.53521
b753422eabee57424b68777a1cc58b78,55.662357
b768399a842d0c39a0551848130f05b1,98.06369
b77a57476d37e56886597b988acbd98e,59.72905
b77b5b5f61197f9648740ba1847bc09e,120.27876
b796d357db4d48aba8d2ea205d708eaa,90.76762
b7cc68ace35270680eba0e50a60a6ffb,95.58829
b7fcad791ec93cbd9eb1296ed0a5103f,55.278584
b8069fb2087948cee200006db2b90a3e,54.34943
b81ea54fd95f0a974efbe4ed6b1c5e40,77.86502
b83227f3d982c9c06e71ab0ef2f900d4,73.463646
b855f7b6884063cc9d58ec433a6c21bd,64.794655
b8633cb2a8e4f59eaed768939b50f5b7,67.05504
b87577d79235d907951b297c4a916298,60.271873
b89858b0467dec1b53d939b262ed942d,70.624275
b8a1cc826cc9a7190a79e45d41a0a7e2,70.745636
b8bdd7fcf65f295fdf4545242304546e,70.05989
b8ce914ad8c4ac12d09ffdf82c390883,102.399315
b8dcc4d1e70e0058ff28165ab83843c3,87.16997
b8fa62da2739fc7aa83af6f24fe161c8,43.247284
b8fb4aac25230041b3da09b1c8f35956,46.42602
b97adcca7a4612a9abd5735b965dac83,56.393764
b98f25f0461ace16a1f157777f0dc87a,57.553314
b98fb2078219d94eeea8b0955e4b881e,61.603558
b9dc818db1277ab09adc1775afe43a4e,77.609
b9ded604e33a583d15b14145a13c7d3e,83.78831
ba3c8526004fed49d048b0acf09fdcde,50.123013
ba55eeb4a488cf3b0fb0e91dc32b8c63,76.01122
ba5e99e2ed33f507da6d463f785998a6,58.502728
ba5f1264ef0c31abd1ac0798e89fe92f,55.045345
ba633e469252cdfa657a744252fe2926,99.770226
ba7d98766fb4fb958ca93fae43da24aa,131.91295
bab5cf030c5d261017ae41efc370b4f1,66.01789
bac3023b1190c00dc020c558952bf348,96.577934
bb320133ea9070f34c16f397f4660385,90.85791
bb3cb1d5838b79bdd0bccc4f449418c6,49.02769
bb466f97743c7161d0e5068caa4b606c,68.281136
bb4bdbc6fbfeddd0af7680a581d83a4b,56.330757
bb6ce4d0a8f06b109fef7246550bad50,85.01784
bb82852e49fae0dfb251de056a4153f5,67.193954
bbdebc343fc5cb81030198fb4269de7f,95.65735
bc04ddcfe51bc4c021b55d0c79c21429,146.70987
bc1171e36e16e1b85c25f424664a1e1e,88.59197
bc1d4106278d1e57dd1bb0791984e8e1,181.48392
bc4ed88821ac4f7c05729d3f129daec0,90.2719
bc5d2e5ea3aad85149bc44456b3e16a1,59.60584
bc7dfc28329840d0fff5f229c1f059c4,86.18702
bc9909874db80c80591f88743a76587d,95.079666
bcc59184d67ebddac84c7b7b8e57bd3f,65.58008
bd02ca01b4161b528db4e1ceb4ff4e21,70.90568
bd12ce00a65443ddeaed083f7c8479a2,96.50499
bd376a4c08c7bf72aba8b2886c034687,61.281967
bdf17fd9d12612eb5413e82c3938420b,78.62231
be1fc1547436f48256f54410c0e30fe0,120.28504
be3fc28c1b22f88360b2720045a61466,68.65611
be727d73b5f666300cb52d3963516579,91.737076
be9113a87f92165a3e75fc5d03361810,79.89715
beaccc1eeb55cda6f645127b45b6de29,62.735634
bebbdb98a81fb9ef76af02d7017ac6a6,75.92737
bef6022d3b6a28cdd5beddcde84c6bb9,66.419426
bf09d8abe80deab6835c80aec5b7e0f5,84.69185
bf260d3c7726f560c18aa11957fbce44,76.618195
bf3c2b18c9d6817f2efef84f78897c47,114.91141
bf4e270dc71d86c28f0de6baf3a52e43,47.157528
bf6690b680a3e11a297f50a68882bc03,132.1224
bf68caec2f4ffb5cc1371456d063f41a,45.87804
bf7672f16983559080a18fa1ecca8dbe,101.0603
bf7fc451eb034d30372987480647a8f9,73.575226
bfbb73ac325fdb2d2b0eafa67b04b672,127.81202
bfc0fef0e5890c4ba553ba33c0ea9eff,80.65379
bfd6360687c7f1751d7cd1016f99dd73,73.018364
c024209d06b4ac76805427d228446c19,78.256546
c02de9afdfa25a7f0e18cf802db27b55,54.052586
c036f92a8edd9d057b57506459589473,71.09136
c03bfca3e0b805d7b32d0cab4c180c2a,72.4668
c05ddcd1527d5676685197f57fff2324,98.245804
c072c7d47d45e11e7f6bc050bc340ee1,99.17726
c07791c008502244270d56eece680a70,67.982254
c0a8a59bb0bb929c406f79d991bf0945,119.29382
c0ba9ce00850771b267c64538b22f257,88.68186
c0cb3cdfedfe6e8392ecc083d88eb0ec,64.745224
c0cf132c20d46150308de5a9c00377a8,105.57054
c0cfb0b8ae2b0a445c8bbff0ee208273,168.65805
c0f4fb6ba11659ab8a6476cf61c7be32,78.77109
c11edf336bdf760b0ce031a23b0e4bbd,73.82244
c12779fd92a33f0a6bf407b5cecf5f59,52.423122
c14a11d358a038eff77848bb9da16e4d,61.636017
c1554894ba2e3946013f760685fc50b8,64.486855
c1882679711df06296eccc7584cd8b8f,78.31783
c1f32942ef77ac5c9ed986aac6ab98c5,79.940414
c22454e112dcfae65a1e171c7fbcffe5,102.14706
c23f1a220a613bfe1071f51b259dc265,55.55748
c244640e610a80b2c7fc9e4729089212,84.876976
c272f079241265bec3723fb16d86d230,59.481586
c281f4b0dd3c591189653adab9c4fb9a,101.89707
c2d678db83e27ea8efc6c70fd96d27df,58.2084
c2e3bad944844bee66af9d831e14f2e1,76.09016
c2ff791d938544fda37acbc5f7474800,64.47112
c326375c63b7a28cbc6baa1ecc41301b,145.67885
c328f001986f7253848a1dc2fefde3bc,110.046524
c33f39d658d7c078cb9d93edf6a8fc25,81.1221
c362b6b1ed3fa5b2561963713e2cdcc7,87.90799
c38a89489c40aeb6b14b3d843491fd97,62.64223
c398f2ba8a99f4eedb6b947511676151,103.12535
c3abc1d07941d5eb7135afa1ae9f79b6,73.580315
c3be4ad802d368b11e406cbe3ea4ac1b,66.35081
c3cc809a0f75c67cf5ae401b95b8f2cb,66.26209
c3d95a59644abd8ba615cc155c93bcc1,98.15728
c3ec338c26c978ca865142d999a9d062,53.955666
c410b10260a7c5bf10d153a16801440e,45.110447
c459b224d53cb4f3a417ac0577758177,88.12047
c47d142a67bc8cea16d5ea8f6400ec61,78.92343
c4ab7d29026e04e7ee5124b79745055a,116.09844
c4c295d9d2630b19c6af94efa2fa3ba6,74.828316
c4cf3cf7164dee3d6161c71929abe24f,61.794373
c53746a673fd9f1a005d652ebb2245a1,84.74047
c539a78331fc925bf3f22d2f7c56543a,76.041824
c558b058f0ad8c375513d028a56fe106,69.00888
c560af9dcaf5bdaf9091cef5b9affb4f,57.31297
c5ad60221863f9c73442bbcc98bc4f5d,138.89511
c5e0d58824d77bc13c33118db1a6110b,97.48356
c64a081585078ab7e3a14c69cec58549,134.78677
c6c2ead0d070526c03dd79d4c857c186,86.69754
c6d11f9475e2ec6dc67c06077af57169,102.29968
c7a9623437ffa8c56fa6b70eaa02ec77,84.7556
c7aa66d4c80687dcc36d5cb1e1543c88,55.98997
c80619d347ed0a48965fcb6d52952354,148.00867
c8127d476bd7c29c6da8d58723d4e7ab,125.25802
c816d4d0ba35831d250372ccbdc74b2d,66.63806
c8778f3094ed942f2ad9927bd038c473,97.05168
c8cb818dc7aa3c2947488811bb2758d5,91.05712
c8e3c40897ee01e594890372e070c92f,67.2584
c8f1d4d41e4430cfa62fcb5c8171f58d,106.73951
c913de61d84eaf0bdc2c6cbace642cb0,83.38601
c927acad33181f47fbe2086c76d0b926,93.89174
c96829b3e2ecde967661d91538428eb2,43.564056
c98d756353f5847c59e151f2b3fb26d4,48.17301
c9a0f7ac9248ac93b6002940557fa1ec,59.803017
c9a29a8c9de56829e884e5ba20aa8b9b,86.81917
c9a9487e297fe06c634072c977cc9d20,87.88023
c9cc94e7ccd2f03421f173847f605b45,49.728924
ca09677a2c77fc0002673a8608894beb,88.209045
ca84516cf0c44fbbd0ecd7c6f66e192c,112.32311
ca954aa8bceaae742a8a772ca342f508,105.25048
caa3985ac00cbc579b047b9a8acb81f7,118.13488
cab329e67dc3926c214bce47c0bd0832,145.90453
cadd52de8ad4d62e721de926358957e9,104.64152
caf52006404dce843c0fe205e4a51df8,77.06604
cb3a0557cf8f9d84f825cb5c61ae1941,69.0177
cb3edcf9785800f01cec7d33264f76d3,62.262432
cb4c7d5d9acc34803907d8616c1881ad,112.173584
cb4d4a2e3702148cd3cc192e890280b0,148.27316
cb4edeec109ca2313a1835d79c68de20,60.29298
cb85289474ae092cf3163549302c608b,131.30884
cb85df563e1e22562963c5eb732ac88d,61.844307
cb9cce8801f99e688822701e17ec9a0b,72.78432
cc0f6699c9c05a483abd2baf35c3585c,72.599174
cc4d8822d5934139b311df7d0e8d18be,55.735023
cc8dbd153bd8a134906ea6b1d82608f4,55.16707
cc92fe9a40019307965d73e847573c4f,48.19416
cc9870304f5750f72503d58aa89c6798,49.918232
cca189eb2b1d3207acf7e4e8543b3144,61.72138
cd0de516ba9aed43611f633e31cc0641,88.09371
cd4b29e7f720a9dba4c99777c8f87b20,74.43404
cd7df622b6e3063edfb88709d46576eb,98.777306
cd849625b937db25dcaa745c898995f4,78.99979
cd96aaa4bfc293eba7d80d2031073334,51.252872
cda45b15342cbdd5ae1340c382370668,91.02407
cdf96a8eaf3027cfb5f33c21fcf48453,137.3968
cdf9fec582c965d2977c41b8d04d4381,95.51229
ce1df5f266949ff6960a4e629f5e0929,88.56027
ce33dccf7d122729f699bcc4d7550285,91.63683
ce45fc0788fe5a88915930bb30698cb8,123.62957
ce642a38c0bd807f126afe18e1e4ec2c,69.17436
ce6dc8718b0213cfcd1993977d91fcd5,74.504265
ce75edcc9ebb23144cd155bcad4d560a,48.61272
ce829097aab36638e24726c8ff0b2b01,57.135406
ced855903ee00eefd2486ccdac37b2cb,50.61935
cee4786d046afaa40f1975681bf7504a,69.402405
ceec68201cc65967da79f310eba47267,119.690155
cf1c52e322d9261fb8646fe0f3363c96,88.805534
cfb1a87edf214043b2bef9de223ab2ba,93.1482
cfdc9ef0c30d749db9da663ef925b70f,66.34907
cfec0ea6a08d9f3bf837363269fb4a32,86.2612
cff10c06d8b8e722e706bd5f3be7a077,76.380486
d01c78325ce7a063627c902bd9a94488,44.565258
d023cc6bd4832adb3169e6888af12b6a,100.676094
d06d30ec755c8a58cc0770afb0870491,73.945564
d0a0db509ca82710f97588989a4926a4,54.433563
d111557217e6b1ca5ddea50665b41c16,64.04114
d11e1306c990281ffa2bfb6fb2695c58,103.32601
d170995c3cd3ad1fca89868a0cc981f9,66.44082
d195e87dad88eb7d0a1b79d37843cef1,101.665764
d1a79a374cf218beb2c55da94b036b2d,70.61892
d1b9d82c09bde3c2767294a23f423c69,85.11146
d1c069d3e1eba2406cb77378055dd59d,105.53213
d1c921297dd10584d2300603eb8da299,80.02092
d1d89cfbd4d7f02ffc57cae39ba7c7af,73.903656
d207908901c6a49e5595ebd28976644d,70.61237
d213a9e5576a643383504799f1a57be6,118.28177
d2376f92dacbb734c2dde9dfbb3116fc,94.92872
d239dcdb30b9e99c69e7fdb72d7d2fe2,64.80043
d23c99b481c36d47df16b10478c888cc,65.57392
d2440d48d6874e8fb1a2e6a4fc5e3ffa,67.50354
d25db872711962f73ca697ce8b9bb3d8,70.185814
d2a23bb3767fff78b38a6076f4e7fee1,86.94232
d2a30ce20930d18b0f692907d5a1e364,88.609634
d2ea3bb9beb833c84acef462177f71b2,75.31937
d310cd2b3c99fcd329a6b06238580fee,82.20731
d31a14795e239afd568c4a058bd817c2,74.59178
d33973cc15c82fed6e1cc6b06cfe0167,85.34266
d347e8dd89f28632d49ae2f527bbdbd2,79.769516
d364f6913b02072f0c326fb3dc7aff87,71.029915
d3781bcc6f42d9c4422c3a803a0ff854,67.33358
d3816e7735b3155a069d876fb1c4a8b8,52.71908
d38dec5d2732fc63b010336ee52d9737,101.660286
d3de93a2137bd3f0f8ec2e2a21035175,79.95059
d3e14392abaeba122eac0a63ece1da55,94.18703
d40963f3417f2dcc48d81c418f43ad9f,97.13972
d4255efc65c17d180636bd15417d6413,53.334545
d431147a3a3ab99f9426bf4fe17799c6,64.5111
d47628ba994a0269230ae37ad3c738e1,44.62842
d49310ff40f22027d6b2adaf4119ed71,73.4657
d4a9ae159d3d5e849f378e58d2b77158,90.346886
d4c394bcda775c32f0411a30222f8d6e,101.83822
d51d8221bd611559310529896befc8c2,61.14873
d52cbde9e2570564432e19a7d23e73a2,76.42908
d537e138f8493e413c6627b9d28c3e67,86.47622
d57fbf9ce85d6af6a5676067bb777619,55.265144
d58062aa98b15f0923d79e04a47a8c7a,96.74064
d59d8f884b689a8ba6357a60929f5982,77.38806
d5ae4b0fea3363466bd790403ec2e7a2,86.59294
d5bdb444a3863f88cf8cfe35019e6107,177.54897
d5d20a0fdaab72a4cfbd31d9c36ae226,131.03027
d5d59c0539a09a1ca0315bab46d26a83,93.82016
d5daf5343e7b5c3cc7927f361c2b6871,81.14709
d64a3e761be6f7f0f9cd98e59ff666bc,104.75533
d68a20e30e03cedaa119e21f874e8b89,71.74282
d6ae3d19e8833660244798697663c35a,74.282326
d6d0d4217e6f1beba9f62e7854fc6633,42.119995
d6db236ea2154652de617656d5786b04,62.73613
d6fa3213b78758a5ea01d1cf3648a222,57.210392
d720a49a4cb0c50d5c24fce63c4f45c8,62.214092
d7213e8c2a68f442b71226c51de42c40,60.5886
d72c89030728bb07a4274589277de04b,126.93858
d742442df6ccf10b3f9dc425c12d8c1c,112.130394
d7453b22249c1da624c1515515579825,59.71712
d75f67fee995c72f0110d5c88d9eae76,93.4582
d78fca4a0e17ba1f1ec82d798713d1d9,113.052185
d7a54651f8bfda059fbe45fdbc7005b9,57.78841
d7ac6867c912d982c53544e61284c3e6,109.65484
d813e33fefd613220a40f83d6f0fbfbe,85.37143
d82145f35b566bf6f1636dd86dee86ae,129.5032
d8294313ca97208f1b2534789e9ad5b2,66.73927
d840bf8996493e5f7f6812c9906c182b,48.06136
d84ced4e455cfd965842ee11377a0013,92.8516
d8687aef151502bb9553a5f60d0d8e02,59.57234
d8725318be66a0c7dd4ea7734c7ec99d,64.57202
d87718632d961d4cf32d8efb7b0b367f,66.57464
d8b063eb6edbe4c8340988f7a4ef77e4,65.70354
d8c61f436e93689f369109cc4e34ec49,56.923145
d8fb414e6b5906fa5d0079c3c2ff8fe1,50.59478
d90346c5b9cefbb772576640203eb432,80.762054
d934f666933c17ff6d04952feb326eba,82.08085
d9350ef437ab6216b3166cb444db59e8,86.49211
d9372c8ecab99741d4d54f20518eae97,99.57863
d946d2fcd6ead5ae3b93b90a5fad49ec,92.10135
d965e0dd48a0bf9a66d9e644c498fb5a,154.39017
d992c9a102a9dfd3146b6b5cc3d63afd,76.846306
d9d60815081528093bd6828d7afc932f,41.345158
d9eff9a519553943caa51b97b4c8619d,92.80496
da65df019e44cb76324dda83d3cbdb9d,66.24985
da6f3075e01e52e6e1ed013a6366fc98,76.02895
dad4d7174471634a86da4704c6d09a8f,62.218346
dadc1ec9d71d1fc7bb387f41de1fe62c,77.41636
dafacd3c41af75b8636a8a481f7912c9,76.01227
db42083a409b6bfbf445968090847f13,86.206276
db485dc73ee6c353d9fcc8110f0c7b8b,91.789345
db4c2c16d09dda9338883b2cb2e76433,90.09288
db6ca66120cc1361e92b56c0517574b0,112.33418
dbbd2e5d5efa3838fd0a61675bc5c1b2,113.73213
dbdf861759d6f23a91197681619d0b0e,54.25945
dc2291b1e34a4b00bfff7e6dcc3dc41a,88.05581
dc2c831031f8ed780026ec89a280edf8,51.199368
dc40e82e54cfa8d64dcd4148af5cb12b,64.33418
dc4e77f5f1c590f646a8625587a1e1b7,73.73729
dc5f6519dd4c1b54cd90f2e07132f46d,53.71666
dc763a8e25d2343c6fb279905cfc40ee,67.81494
dc968b795c242f6f36938c602da2bdeb,71.280815
dc96ae1d4047887789b4d1b0ee109240,67.93916
dc9d62c8b69700b1038c9ed0dbf7966e,57.30196
dce98df76d507dcba9f242d87ca75982,73.471725
dcf01ccd49fd3d7f2839f8a405b5b1f0,50.048744
dd1c0cdcf9a72c694441b006314fa560,72.32883
dd5196b08f552b14e98c594e45cda064,68.04349
dd5ba2dc94cf09f675166709d452384e,59.517555
dd761d8e8f3f4a5d3bb6d3c2acf84a8a,68.04166
dda519bdcd220015e8389ebc9e8f26a1,65.35778
ddf76dee29a18bdd88a04f8aef2e82ff,100.25652
de3ea8f21f89d44ad379d385a0c91f6d,86.846054
de52398c662804c69ff3b03966c29277,63.36517
de6dda69986ac1d23f61ff73536be5d5,67.26816
deb6bee4d52e1e68ec69f3cda3ea1dc8,45.384373
df1a7665ce19a3963d4afa0d81e449a4,62.74178
df39d0fcbb4185d5bf8514715a1610c4,59.222878
df5604dab64249f15835270d63571af9,66.481255
df6a6ff043735b64bb82ba0e3260b0c2,84.890015
df8fdff118954f4dae5bad82bca62717,85.24041
dfb45424df76882159ae8e79c145262c,110.52078
dfb6894dba2c51d828f92ac40c82ea13,45.540226
dfb84ce667e131df4d04ef1164e6551c,92.943634
dfbfbd7bad8077e5c27e93d1f1136504,125.04392
dfd873b3f81b3dba356fc7a33a698ddf,57.025753
e02be6349c215e335c0f92bc05431c53,101.96059
e0456f270d70cd10f943fe4c54ecc66f,111.55275
e04683a2199dddd48f1ff8dd3fc9191d,83.99091
e04c785a5d550c2569cb67adfd65aef2,63.927876
e08febdc0cf48586a62dece8e7b7c498,79.16761
e0a74de2fe71be1131f70c9d4babd0c1,130.48933
e0b0accf07804f78449922cbd4a0707c,65.90948
e0ca5d590a58a09961911c321f41b846,53.217995
e0e528fe6946c51d95e443ea58af3d15,96.26321
e108a53be568198a0f2894e2c8a7efef,52.603256
e1095bfe3f1318ef6bac62ae2c713599,59.68329
e12e6a697634fd5b6b18514ed5125d5e,77.919205
e15d25699c74b2e86e50da6cfc9a31f3,57.01759
e181ef7d0905eca904e27d1e083bb464,94.30661
e183614883ba86271af10bb705985c06,98.18361
e1e06fa4b4457c30fb3664a0879854a6,74.56392
e1f7c390e512b4dbd348d1d760940438,74.799614
e2097fecf9158604e43c0b8404e00f4d,78.901665
e213b0017dc7af2c99732cda9e66cdfd,78.112724
e22048c847b228746919f7eb95262268,77.38994
e221e71a872d873ee59e432ea08dd3ee,86.74841
e28c215be22df051f3842858bd355fe5,46.080383
e291cb3d746e5d34b1a08047a9d11844,86.358734
e2dc0476267cd43faeeaa8b08a5fefc1,86.29149
e2fd7173bc1285469b94415aa804e5be,75.0964
e300a8bf60b83751673b75cb97aff801,121.3651
e3038ce28bacd28316fe63adc5b61a39,104.87718
e307748fe353c4cb1f867c8d0c093a62,76.75818
e30fc9d68acda4adb48cca6c9e9a8fc8,67.4443
e317d337ecf7b2fea965fdecc096d5c6,80.53491
e3363f3a7989f70e21291b8dd9236b16,74.36891
e33cf2704325c2fff83e2000c064b374,83.694374
e34ca7ba7c60d4e07c3caa60448fff88,83.581245
e3799f94f14f3bdd4364a7162983459a,69.0046
e37b7088562bde95c59c5fc9bf751548,63.171085
e3b66c344913f92289bdb665b7af1536,62.8977
e3c208aa9b74b93051855d183971b1f9,70.06437
e3dabd389bd7eec60016fc4c1d11efb2,53.76274
e3db1a022536d161ec53186053b1d372,135.48015
e3ec68c2ece2b44403ecfdf8a3675b36,135.88934
e41033690259d1e8821a76289bb55168,110.05945
e41cc304710e760e69aa84497f88bf0b,61.629448
e434b73d264318038969ee160a0273bd,73.930504
e46720d1d6df240ca150d9d65757dd52,120.38299
e4b820bbec6abd7f0e45c2b7a903485c,119.9029
e4e0fff84550efac12ec4eaf428d5f59,86.54976
e51ef6e13a711a15f5455e0a0dea84f3,72.25836
e5231c41acbf99da0339627fcb6f925e,74.738045
e52f0f8b6fd7a1749ea12b986f29696d,64.85516
e5568a459c3a83f37f323286ddde14d2,46.167038
e59ad1471617eef165c272bec4d21667,73.57745
e5bdddc1346ce55db3759b9c4edea24e,135.87213
e5e928f447322c330851bae5ea7825c7,84.00046
e63690e43c9d37879bb0c2ff9955572e,93.88514
e6476c37a745d2480817fd08ab6055a3,77.08499
e649d839565c1512c8a23206b5bdee8c,49.031532
e66ed70f63fcd260eaee39e1a8c9f2aa,78.71626
e6beb6b1f324cd4038824d62309f6a20,59.993618
e6d8943f2569ab2f705ebcb6e035cac2,51.48758
e6e2162ec380b498b359bc1a6d3fe7de,97.88921
e6e63bb895ce7ec8f85c327cb7ee493c,64.21025
e72ff7085cc5b80572e8c2fdd4862c24,77.16868
e735ca25c3bd92669ead358e7c594f83,65.27819
e738047d34bb836fa00a938367de0457,171.06691
e73bede4d1f05b53da1e28f2443db2b0,68.8419
e77cec3bc7e8931246a1ddd81050ca54,68.49005
e786c913118e750670f5257994a8b1fc,63.962677
e79423ec4337b069a048e30708371323,94.696655
e7ac3931fa334b07d6b6b7611aa51d40,72.95021
e7b00f92078d53081e5765d7ea421e90,86.6712
e7b1438a51cff35ff53a9574465dbb6c,68.28939
e83d5847d7640f018a08f1dba421c511,55.078686
e87850a4e98adf4515cbcdaa33247c77,85.64122
e8aebcfd9e2ab6ba2d96c29cd19a9e25,98.24478
e8b406ef401477b379a682bdd026a640,71.89153
e8cd9fcd215a1dd1fab33e21e86a76b9,72.33764
e8d3c43ace87e014898265472bb9b2ac,128.31468
e8dba6b5f0e0a224219ae3b72941413a,75.4792
e8fae9108c7b61c3c30c56ad035757ee,57.447624
e917848dea98ee3ab6d13bb242267d6f,64.71866
e930a0f3a5e02d13a7e983acec6b0272,49.90942
e932f0a4149acfd184bce891c4b3b888,82.3312
e96c706184148c05167a93f9b12a35e7,52.18266
e970b5a79f4201361b91db87f6a7ff2c,96.071976
e99d24aaca5d15841e5a7836b144a962,57.372513
e9ebcf1cb3f24f8b419daf16314177b9,66.16035
ea2e75013795cafcedfd1fb64303061f,85.22533
ea3e91b7044baf9edab6bb354c4e12ef,123.27922
ea54180fae6091e66d941130f202a0b0,89.22282
eab5ae524c76161ab08e9e2ffdc1e841,46.441013
eac76f5f6ff621d8e21b01b69a4e0813,73.54054
eb00b903b1150f7e5e2c4c50a83b4ebf,43.120686
eb00ef4899b8aad41519f32796450011,73.294495
eb0c2ee531aae8208a3d47575e1ba4cf,91.46357
eb107f6897137024d63b9d877ec820be,169.96472
eb20501f053450e880958bf4fe8b3923,72.47966
eb33a935712c1a0ca6646b2d89733ea2,45.136063
eba24d50f63031b659a1ea9bf868fe5a,107.91504
ebb07d135344c9a5042af04fceaf8bb1,92.917786
ebd6a50dfdff4459c415a189d6d70e71,45.795734
ebd93a483bf9255b29ff41cb65925d21,89.462105
ebf6b46991e9940bec52982601708e08,60.438847
ec00c1ff3a9b31a21f4180b1ba1f392e,84.841736
ec2b8a34d66da70c4a3cd5e7c3f478de,79.60973
ec2d9c02817128871a5b1bd53ff7407b,65.53571
ec47f7cebf55a3db29525e3a64a87834,83.181305
ec558fc6cd7db2ed622409de53e7c448,112.20501
ec58b4c2d2f55a9dfc66a6a627eb2d9b,75.821396
ec74dec5b3718e81b117ded37b885db6,137.49954
ec9f499f0bacd93ba7f7299c431465fd,108.09186
eca817733c646d72837e1c9618528e1b,77.36246
ecb0b1beef764c547e326e6c298d4191,66.93078
ecb929d108ac98afbf01df34bfe48599,70.21496
ecbce93d6f2b40a4b7c68ae7aedfd0d1,180.70876
ecd12dc7c00a0e72d3eb4b85ead28df1,65.732086
ecd7ec2ead207024b385386334503ee5,93.204796
ece5d431ede188377b448d445f293740,93.96678
ecfdc05ab2ccf5e9e6b73ff3082f1f29,108.08742
ed077f866a4bebe9b156b18fa0b4b1e1,60.93843
ed25d228b65dc7d3f1b6d1cd12647d10,69.25069
ed3be5d552af70e9759a9187758ca208,61.20463
ed927512ce134e1b18c993873be97d49,70.00354
eda14b2627f01b855ec289220d6b0064,74.56092
edc27b15dd5d32062c9b11b3882cf00f,57.76738
edd9d561ac322e012972d1f3f76deef6,148.12674
ee8760d7040b24a55a503e3fbed6fadc,51.664383
eeaf9fd9ae12c366fa14b78538fa9a1c,73.07599
eec44823a300b5c3bb0ef89b1c9d1346,70.280106
eef9343156c0bc6b69ebd7ccf42652fd,111.3203
ef196861cb32aaceee2c69ba986a217b,114.716385
ef223e2a2eefa18be8290ecfadcf690f,78.26561
ef23e80e7641250113165a7097636801,96.82851
ef38ce635ae616836738a2cacdbf50de,98.22061
ef674f8fd2637753b1465437f47a3cd0,77.18149
ef769fe1c3c3a0a53750f79699ae30ac,48.620174
ef7be95050771b8b98a808ff3cc150f9,70.5243
ef85b7725991d40aa78edff360398d37,81.25869
efb46762d4893143ce62097b2fec7b2b,69.73705
efb82bc1949661392bc34afadc78678f,131.7494
efc9c37e922fd9bd81a793866123c83e,91.23231
efd9b15199aced4c7f4dedc171833c2a,154.44333
f01b5416a46391319453bacce0addb03,59.51198
f0286232957c0ab8f6f772043b651667,69.15149
f040ffc6ee971a4464c19bc601a47958,135.73897
f077f68e0c9e58c9524310135f1b8c78,83.10823
f0905632d6a974509a83c586749a6555,73.2962
f0a8a19c4ed1290ff0ae344c8fd08b5a,63.594013
f0ba8f44af4c8e02ff02246c5129b796,45.61492
f0ea9611c17860da75e162518a3e1367,90.02116
f10f9106764fb8c77661712e6a0b5b2e,133.99245
f11047eb32256ee3c1de68d6e2fc75c7,84.823425
f1d910271fe4182d87bdea049b7749c4,52.812546
f1eec359979df13ef4eb8d24724192a5,81.88993
f2275c3fea9188d97b003c7d310e14f1,74.1277
f2343d8947d3844af990906a1515cbaa,46.0238
f256f2cbe373d5b9764ed170351facdd,45.538418
f26e8088685904e0bcf387320b6b4b5d,112.61509
f28e0221986fbecc13e9f6d077eeb811,61.45758
f2af09ec63541633a501828ff0fd909a,64.443
f2bfa4cbba6803bd54c9ea1c0ffbafd5,54.33701
f2c2de3879a1e0ecfd54447a1618ac8e,113.93974
f2f7ba9de07627517655d5ae9715a18d,90.25022
f2fbaaeb02ec47ce418d43561aa83b44,54.976627
f300654a8b26109cd0cda61fbe6b6ee2,81.53419
f32681357b44e0412703149e95d6e375,104.25016
f32ed1de0a20cbeac916b20e31129909,66.36802
f36cb1987e0eb80e05c5c62bf07d2d67,78.91207
f3d5b59473e197125a792ab70c5c90b6,49.973263
f41597a910890a2f1377326a94e9f540,69.19123
f42c70c1946a675c2de502708ac6cd16,61.681828
f43a37b7074945152be3b7e86faa1c46,61.39507
f43da22c0865463c5f60291d26f6b38f,43.737354
f44323a70d3aa2c87dbe10d68df5321b,136.6996
f479c8b9c7675ee19541865d3e4062d3,66.21426
f48a26b72e180cb03993eea61384883e,89.31201
f49af5344f52c79cb604e812ce13045d,119.79098
f4ab8915fc89e0ea4edeca2932c08a9f,71.67991
f4b7a5bbd3582dc0fe1d85188e792860,58.80148
f5252260e314a67b1014697d87f2a698,80.99977
f59f1ae0d89814bd0f94c4080678b7cb,59.876526
f5af6aa4ed6b40e6b3e91dde35211e81,92.268684
f5f114416a940948f0d96d53be108763,91.91016
f6064d2efc2871525b07fa5078c40ecf,74.96853
f62039e074fad3f1730ac289457d57b0,121.77921
f629881954df817b768c981ad52c56ce,113.90886
f64fb062ddd39096025017c782b2ac8b,99.90425
f6714e87609469bb721451d85a43579d,58.970264
f67e4c71cf46ef411d244e86943ecae1,111.32549
f6a1e415ffbc71ac7fbf7056b1cbd44d,151.59357
f6a2a491df36ae17341676cf93cbea10,51.739357
f6d53ad782a16d519c4bec3f0e63589b,71.35651
f6e60c2faa8ebbb5ff5e51738e3c9dfc,45.989216
f70b2bd06faad02cdd62f7d79d8c4050,56.669018
f717a0613eadeaff6b8987370cbecef7,64.51171
f739ac97e36304f46fad2afbe272e7ca,70.28837
f7507e7fdc2b9720607e93833d3300a3,108.25496
f75a91982a7929970e73d20d58b5da51,89.93004
f770a79d515dd6cf8962722467c48f5f,93.81741
f771a5c88afb09dc562936132712e2c8,58.56097
f7b71c07b1c8c28766499445f1fa740a,89.27006
f7b91435b45e2434451d47ea86304ebc,103.702644
f7e1dd58fe237bfca244fe32d5b98246,64.98493
f7ee6539ecf1a4800745d4309fe78899,61.18599
f800adc543836d9c4c48ef9de7710767,62.724068
f800c3b4a78428895ff200087fe0c15b,60.09237
f8024f0a48d0858275b66efbca583a78,84.378845
f81fe5c31d2cb324e0f3dcfe427fe476,69.14137
f853ff1edfe580495f9519b1d9a7f015,57.13465
f8792ad7e3ac2b1fed416311365541dd,85.61083
f89001880234ed359bb3b28f1279b3f4,67.304306
f8a024a4c0603e47c2125c970b3068c8,74.47315
f8bc6055afcf4f6274793c2a83b6c592,83.67575
f9443e07ec9f41ebc2ad2912d5391d11,73.92528
f99450f8e538c112001337f44912fff4,101.398895
f995f898c14cf8d9947f42acff465f31,75.22234
f9a56640b663fcb490da7fda68eb46e8,92.92061
f9cfbee8a063a413a52047b34eff1e09,108.67002
f9d24f62f6675c36143b2c991d044d37,64.00478
f9fa6dc5cd9c51f62fa436b016e146d7,69.59147
fa7000c783f247818db475e9b80e0c29,77.623985
fa77da3cb82b5245e95eaa15e2b640f2,47.204044
fa8afa32cfa05857376b40fa47b16e8b,66.24532
faf5dd2438674b7846a9720f90073b1e,72.87543
fafb477fafdf7181349a67b09b993a57,83.50089
faff57acc9c9c2b08448ed69350e1d64,67.79824
fb1599abab426555c4db144def28ba09,158.89629
fb16076ce66cd2394dd45b770b531316,104.84193
fb16bdc8ee13cbb5af7eb23fa92ba365,77.62834
fb1fd1a4394f93ff77110f70ff3b01fb,88.15698
fb21ea4c3d70535bbd0f2f772407525f,68.146515
fb44542b54ac5cd0cd22d85531a52824,72.85572
fb53d19d89fe69a4f8528f8255071510,71.368774
fb5cd3c3ebc30266deb2a395612b966e,107.84477
fb80ab7fdf70d69c7afcc7a3c6816a40,77.37142
fb8fc077c3f51cb9f85a961c84abbdf3,85.54698
fb939372e56e0e8d2c7ff3b6ba4a906f,123.62572
fba026fbd0bfae69d06bd23460a7503b,58.84938
fba24271641e26b8681028e4d2b83b22,101.86133
fbec75cdfa631659782dd1ee771a9a21,84.06062
fc1269f4d33092007fc4ad86522d96d5,74.12246
fc3e918649b10817c4b68b912db6b3d4,56.402374
fc76cc3308fb02e5470e44f9405966b1,65.60544
fcb06bb2043d124484d178c0c87a5965,74.88283
fcb08b3aeb970215cbeb0dd337786e15,71.85808
fcc2ca1ea94a4dc5596bb5adbc7fe6c1,87.98107
fcc913edac1da9685a4cb23ee34c7ebe,131.18704
fcefec55026742e460c6c8ab96cc48a4,67.486015
fd7c1e57cb70fe0e0f0564587601b59c,162.28049
fd98e1db2e003823b98e44ab4493c646,89.90517
fda65754389c78fb1a6312401fe7c70f,138.15508
fdbb8189a8176d0e36a77b4c7ad38899,63.17332
fdd4480023eacd0d2057b22695e86788,68.17928
fde94926db30427be954112ef2573e06,77.94619
fdfe09d72fdd40b44c25077e40de1042,98.545975
fe06916148d029c19be4179737bd1c1b,66.031624
fe1e327c88bf92564f3158df7cc4eef7,77.56101
fe2ab4464eaaf77f24a7f5de5dcba342,97.081505
fe4423a54cef31e2505206046c396d60,45.080395
fe9038445fba3d2baab79a1529ba8cf4,81.44719
fea8fe44d1f2a8371735f42a30dac844,54.05396
febcb999f4cad1c38454425088ba7ef6,77.60499
fed997aa3df27b4c7dd0f2c4370df196,64.85068
fee6d2396b48efb4b5fd66fe0c5d37bd,102.39703
ff2429614e2bf0bb9b321a1c6024b2e4,108.58363
ff56ea11c8a56227a2d7ee8102bd373e,87.97504
ff5ac72b76d64456c8430eaf967e9ba0,71.19705
ff5eb3121269e9350c9e1de083e5b3db,77.04032
ff73e055ad479b1c1de614bdee0de34b,84.79782
ffb5426737655689d59b6bdf92003b77,117.274
